"poten","ogen","lengte","breedte","hoogte","staart","kleur","vleugels"
6,2,1.6,0.8,0.7,FALSE,1,FALSE
6,2,2.4,0.7,0.8,FALSE,2,FALSE
6,2,2.1,0.6,0.9,FALSE,1,FALSE
6,2,2.2,0.8,0.7,FALSE,2,FALSE
6,2,1.7,0.7,0.7,FALSE,1,FALSE
8,1,180.1,89.4,32.9,FALSE,1,FALSE
6,4,2.3,0.6,0.8,FALSE,1,FALSE
6,2,1.6,0.7,0.6,FALSE,1,TRUE
4,2,55.9,70.5,171.9,FALSE,1,FALSE
6,2,2.5,0.8,0.9,FALSE,2,FALSE
8,2,2.2,0.9,0.7,FALSE,1,FALSE
6,8,2.3,0.8,0.7,FALSE,1,TRUE
8,2,1.5,0.8,0.8,FALSE,1,FALSE
6,4,2.1,0.8,0.9,FALSE,2,FALSE
8,1,182,108.6,29.3,FALSE,1,FALSE
6,2,2,0.7,0.8,FALSE,1,FALSE
6,2,2.1,0.8,0.7,FALSE,1,FALSE
8,2,2.1,0.8,0.8,FALSE,1,FALSE
4,2,57.4,64.4,155.6,FALSE,1,FALSE
4,2,58.2,68.7,164.4,FALSE,1,FALSE
10,1,263.4,109.5,26.7,TRUE,2,FALSE
6,4,2.1,0.8,0.8,FALSE,1,TRUE
12,1,206.9,101.5,28.4,TRUE,2,FALSE
6,2,2,0.8,0.9,FALSE,2,FALSE
6,2,2,0.7,0.7,FALSE,1,FALSE
6,4,2,0.7,0.7,FALSE,2,FALSE
6,8,2.1,0.8,0.8,FALSE,2,FALSE
6,2,2,0.8,0.7,FALSE,2,TRUE
6,2,2.1,0.8,0.7,FALSE,2,TRUE
8,1,191.5,108.5,29.4,FALSE,2,FALSE
6,2,2.4,0.7,0.8,FALSE,1,FALSE
6,2,2.1,0.9,0.8,FALSE,1,FALSE
6,8,2.2,0.7,0.7,FALSE,1,TRUE
4,2,59.9,66.4,165.8,FALSE,2,FALSE
8,6,1.6,0.8,0.8,FALSE,2,FALSE
4,2,63.1,60,176.2,FALSE,2,FALSE
10,1,229,112.1,29.7,TRUE,2,FALSE
6,8,1.9,0.7,0.7,FALSE,1,FALSE
8,2,1.8,0.8,0.9,FALSE,2,TRUE
6,2,1.7,0.7,0.8,FALSE,1,FALSE
6,2,2,0.7,0.8,FALSE,2,TRUE
8,2,1.9,0.8,0.8,FALSE,2,FALSE
8,2,2.1,0.7,0.7,FALSE,1,TRUE
6,2,1.9,0.8,0.8,FALSE,2,TRUE
8,2,2.1,0.7,0.8,FALSE,2,FALSE
6,10,2.1,0.6,0.7,FALSE,2,TRUE
6,8,2,0.7,0.8,FALSE,1,FALSE
6,4,1.9,0.7,0.8,FALSE,1,FALSE
6,10,2.1,0.6,0.9,FALSE,2,TRUE
6,2,2.5,0.7,0.8,FALSE,1,FALSE
6,2,2.1,0.7,0.7,FALSE,1,TRUE
6,2,1.9,0.7,0.7,FALSE,2,TRUE
4,2,51.7,61.4,148.5,FALSE,1,FALSE
4,2,41.1,68.6,194,FALSE,1,FALSE
8,2,1.7,0.7,0.6,FALSE,2,FALSE
10,1,215.6,101.1,27.9,TRUE,1,FALSE
10,1,174.1,108.2,25,FALSE,1,FALSE
6,2,2.1,0.7,0.7,FALSE,2,TRUE
12,1,174.4,94.8,33.3,FALSE,1,FALSE
12,1,211.5,95.4,34,TRUE,2,FALSE
10,1,203.6,97.1,32.4,FALSE,2,FALSE
6,4,1.7,0.8,0.7,FALSE,1,TRUE
4,2,46.8,72.2,175.3,FALSE,1,FALSE
6,4,2,0.7,0.9,FALSE,1,TRUE
4,2,45.3,84.2,181.7,FALSE,1,FALSE
8,1,192.2,94.4,28.2,FALSE,2,FALSE
6,2,1.9,0.8,0.8,FALSE,1,FALSE
6,2,2.2,0.8,0.8,FALSE,2,TRUE
6,8,1.9,0.8,0.7,FALSE,1,TRUE
8,2,2,0.9,0.9,FALSE,2,FALSE
6,2,2.3,0.8,0.8,FALSE,1,FALSE
8,2,1.8,0.7,0.8,FALSE,2,FALSE
6,8,1.7,0.8,0.8,FALSE,1,TRUE
6,2,1.9,0.7,0.9,FALSE,2,FALSE
4,2,74.4,94.1,173,FALSE,2,FALSE
6,10,2.5,0.8,0.8,FALSE,1,TRUE
10,1,204.4,102.7,34.8,TRUE,2,FALSE
6,2,2.1,0.8,0.8,FALSE,1,TRUE
8,1,182.9,104.6,30.6,TRUE,2,FALSE
6,4,2,0.7,0.7,FALSE,1,TRUE
4,2,70.5,72.9,157.9,FALSE,2,FALSE
6,2,1.7,0.7,0.8,FALSE,1,FALSE
8,2,2,1,0.6,FALSE,2,FALSE
4,2,74.9,65.2,214.7,FALSE,1,FALSE
8,2,1.7,0.7,0.9,FALSE,1,FALSE
6,6,2,0.8,0.7,FALSE,1,FALSE
8,4,1.6,0.8,0.8,FALSE,1,TRUE
6,4,2,0.8,0.8,FALSE,2,FALSE
8,4,1.8,0.6,0.7,FALSE,2,FALSE
6,4,2.3,0.7,0.8,FALSE,2,TRUE
8,2,2,0.8,0.6,FALSE,1,FALSE
6,2,1.9,0.7,0.7,FALSE,2,TRUE
10,1,174,103.4,34.6,FALSE,2,FALSE
8,2,2.5,0.7,0.8,FALSE,1,FALSE
4,2,62.5,78.9,159,FALSE,1,FALSE
8,8,1.9,0.7,0.7,FALSE,2,FALSE
8,2,1.9,0.8,0.6,FALSE,2,FALSE
6,2,2,0.6,0.8,FALSE,2,FALSE
8,2,1.8,0.7,0.7,FALSE,2,FALSE
8,1,177.8,95.7,27.2,TRUE,1,FALSE
10,1,174.6,107.6,33.6,TRUE,2,FALSE
8,4,2.2,0.8,0.9,FALSE,1,FALSE
8,6,2.2,0.9,0.8,FALSE,2,FALSE
6,2,2,0.7,0.8,FALSE,2,TRUE
4,2,58.7,70.6,181.4,FALSE,1,FALSE
6,4,2.1,0.8,0.7,FALSE,1,FALSE
6,4,2.3,0.7,0.8,FALSE,2,TRUE
4,2,53.2,75.1,193.6,FALSE,1,FALSE
4,2,67.3,74,164.1,FALSE,1,FALSE
6,2,2.3,0.8,0.8,FALSE,1,FALSE
6,8,1.9,0.7,0.8,FALSE,2,FALSE
8,2,2.2,0.6,0.7,FALSE,1,FALSE
8,2,2.1,0.8,0.6,FALSE,2,FALSE
8,2,2.1,0.8,0.8,FALSE,1,TRUE
6,8,2.3,0.6,0.8,FALSE,1,FALSE
6,4,2,0.7,0.7,FALSE,1,TRUE
12,1,152.8,109.2,35.2,FALSE,1,FALSE
8,1,175.3,96.7,28.2,TRUE,1,FALSE
10,1,197,105.5,33.2,TRUE,2,FALSE
6,4,2.3,0.8,0.7,FALSE,1,FALSE
6,2,2,0.9,0.7,FALSE,2,FALSE
6,4,1.9,0.8,0.8,FALSE,2,FALSE
4,2,60.4,54.3,197.8,FALSE,1,FALSE
6,8,1.9,0.8,0.7,FALSE,1,FALSE
10,1,187.8,97.9,33.6,TRUE,2,FALSE
8,2,2.1,0.7,0.8,FALSE,2,TRUE
6,2,2.3,0.9,0.8,FALSE,1,TRUE
8,2,2.5,0.8,0.7,FALSE,2,TRUE
6,8,1.9,0.7,0.7,FALSE,1,FALSE
8,1,193.9,106.6,27.5,FALSE,1,FALSE
6,2,2.1,0.9,0.7,FALSE,2,FALSE
6,4,1.9,0.8,0.8,FALSE,2,FALSE
6,2,2.1,0.7,1,FALSE,2,FALSE
8,2,1.7,0.7,0.7,FALSE,1,FALSE
6,2,2,0.5,0.8,FALSE,2,FALSE
8,2,2.2,0.8,0.7,FALSE,1,FALSE
10,1,219.5,117.1,27.8,TRUE,2,FALSE
8,8,2,0.7,0.7,FALSE,1,TRUE
6,4,1.9,0.7,0.9,FALSE,1,FALSE
6,4,2,0.7,0.7,FALSE,1,TRUE
6,2,2.3,0.7,0.8,FALSE,2,FALSE
10,1,219.7,82.8,31.5,FALSE,1,FALSE
8,4,2.2,0.7,0.7,FALSE,1,FALSE
8,1,217.4,103.3,31.8,TRUE,1,FALSE
4,2,78.8,69.8,195.8,FALSE,1,FALSE
6,4,2.1,0.7,0.7,FALSE,1,FALSE
4,2,50.3,89.9,158.1,FALSE,1,FALSE
12,1,204.9,101.3,30.9,FALSE,1,FALSE
6,8,1.8,0.8,0.7,FALSE,2,FALSE
10,1,224.9,114.8,26.9,TRUE,1,FALSE
8,1,202.5,99.6,32,FALSE,1,FALSE
4,2,56.3,82.9,170.2,FALSE,2,FALSE
4,2,66.9,62.4,193.2,FALSE,2,FALSE
6,2,1.7,0.8,0.7,FALSE,1,FALSE
10,1,176.6,83.6,32.1,TRUE,2,FALSE
6,4,2.1,0.7,0.8,FALSE,2,FALSE
6,10,2.3,0.9,0.6,FALSE,1,FALSE
6,2,2.3,0.7,0.6,FALSE,1,FALSE
6,2,1.6,0.7,0.8,FALSE,2,FALSE
8,1,193.8,87.7,23.6,TRUE,1,FALSE
12,1,204.3,97.9,31.8,TRUE,1,FALSE
6,8,2,0.7,0.8,FALSE,1,FALSE
6,2,1.8,0.7,0.7,FALSE,1,FALSE
6,2,1.8,0.7,0.7,FALSE,1,FALSE
6,2,2,0.7,0.7,FALSE,1,FALSE
4,2,62.9,55.9,209.4,FALSE,2,FALSE
6,8,1.8,0.8,0.8,FALSE,1,FALSE
6,2,2,0.7,0.7,FALSE,1,FALSE
8,4,2.3,0.6,0.8,FALSE,1,TRUE
6,2,2.2,0.8,0.9,FALSE,1,FALSE
6,2,2.1,0.8,0.8,FALSE,2,TRUE
8,2,2.2,0.8,0.8,FALSE,2,FALSE
6,4,1.9,0.7,0.9,FALSE,1,FALSE
4,2,59.4,84.8,185.8,FALSE,2,FALSE
8,2,2,0.6,0.7,FALSE,2,FALSE
6,2,1.7,0.7,0.9,FALSE,2,TRUE
6,2,2,0.8,0.8,FALSE,1,TRUE
6,4,1.9,0.8,0.7,FALSE,1,TRUE
8,1,215.7,97.5,30.9,FALSE,2,FALSE
8,8,2.3,0.6,0.8,FALSE,2,FALSE
4,2,59.1,67,166.4,FALSE,2,FALSE
8,2,1.8,0.8,0.7,FALSE,2,FALSE
6,2,1.9,0.7,0.7,FALSE,1,FALSE
10,1,172.1,98.6,25.1,FALSE,2,FALSE
6,4,2.3,0.8,0.8,FALSE,2,FALSE
10,1,205.1,103.8,32.5,TRUE,2,FALSE
4,2,75.5,59,191.3,FALSE,1,FALSE
12,1,217.8,97.1,30.9,TRUE,2,FALSE
8,2,1.7,0.7,0.6,FALSE,1,FALSE
8,10,2.3,0.7,0.7,FALSE,1,TRUE
6,2,2.1,0.9,0.6,FALSE,1,FALSE
8,2,2.1,0.8,0.8,FALSE,2,TRUE
8,1,191.9,107.4,27.1,TRUE,1,FALSE
6,8,1.9,0.7,0.9,FALSE,1,FALSE
6,2,2.4,0.8,0.7,FALSE,2,FALSE
12,1,224.1,86.7,27.7,FALSE,2,FALSE
10,1,208.3,78.3,27.8,FALSE,2,FALSE
8,1,185.1,104.6,28.6,TRUE,2,FALSE
8,4,1.9,0.7,0.9,FALSE,1,FALSE
6,8,2,0.9,0.7,FALSE,2,FALSE
6,2,2.4,0.7,0.8,FALSE,2,FALSE
8,1,210,119.5,28.3,TRUE,2,FALSE
12,1,190.2,99,34,TRUE,1,FALSE
8,4,1.5,0.7,0.7,FALSE,2,FALSE
8,1,188.3,102.9,27.6,FALSE,1,FALSE
6,10,2.1,0.7,0.6,FALSE,2,TRUE
8,4,2.2,0.7,0.8,FALSE,2,TRUE
6,4,2,0.9,0.8,FALSE,1,FALSE
4,2,65.7,64.8,178.3,FALSE,2,FALSE
6,10,2,0.8,0.7,FALSE,1,FALSE
8,1,202.5,97.8,36.3,FALSE,1,FALSE
6,2,1.9,0.7,0.9,FALSE,1,TRUE
8,4,2.4,0.7,0.8,FALSE,2,FALSE
4,2,56.8,71.7,191.9,FALSE,2,FALSE
8,4,1.9,0.8,0.8,FALSE,1,FALSE
6,2,2,0.8,0.8,FALSE,1,FALSE
8,8,2.1,0.6,0.8,FALSE,1,FALSE
8,4,2,0.8,0.6,FALSE,2,TRUE
12,1,208.2,108.2,30,TRUE,1,FALSE
6,2,1.9,0.7,0.8,FALSE,2,FALSE
6,2,1.9,0.8,0.8,FALSE,2,TRUE
6,2,1.8,0.8,0.8,FALSE,1,FALSE
6,4,2,0.8,0.8,FALSE,2,TRUE
6,2,2.2,0.8,0.8,FALSE,1,TRUE
6,4,2.2,0.7,0.8,FALSE,2,FALSE
8,1,187.2,97,29.6,TRUE,1,FALSE
6,8,1.7,0.7,0.8,FALSE,1,TRUE
8,2,2,0.8,0.8,FALSE,1,FALSE
6,2,1.8,0.7,0.7,FALSE,2,TRUE
8,2,2.3,0.7,0.7,FALSE,1,FALSE
12,1,217.6,102.1,34.5,FALSE,2,FALSE
8,4,2.1,0.7,0.7,FALSE,2,FALSE
4,2,50.4,76.6,177.8,FALSE,2,FALSE
6,4,2.1,0.9,0.8,FALSE,2,FALSE
8,2,2.1,0.8,0.8,FALSE,2,FALSE
8,4,1.7,0.8,0.8,FALSE,2,TRUE
10,1,208.1,96.1,31.3,FALSE,1,FALSE
6,2,1.9,0.8,0.8,FALSE,1,TRUE
6,4,2,0.8,0.7,FALSE,2,TRUE
6,8,2.2,0.7,0.6,FALSE,2,TRUE
8,4,2.1,0.9,0.7,FALSE,2,FALSE
8,1,178.1,105.4,29.1,TRUE,1,FALSE
6,6,1.9,0.8,0.7,FALSE,1,FALSE
6,10,1.9,0.7,0.8,FALSE,2,TRUE
8,2,1.9,0.7,0.8,FALSE,1,FALSE
10,1,211.4,104,32.3,TRUE,1,FALSE
8,1,187.9,94.6,31.8,TRUE,1,FALSE
8,2,2.5,0.9,0.7,FALSE,1,TRUE
4,2,54.1,63.9,178.8,FALSE,1,FALSE
8,8,1.8,0.7,0.9,FALSE,2,TRUE
4,2,61.2,75.9,138.3,FALSE,1,FALSE
6,2,1.7,0.8,0.6,FALSE,2,FALSE
6,2,2.1,0.8,0.8,FALSE,1,FALSE
10,1,245.5,87.8,26.9,TRUE,1,FALSE
6,2,1.9,0.7,0.8,FALSE,1,FALSE
6,4,1.8,0.7,0.8,FALSE,1,FALSE
4,2,80.1,81,174.7,FALSE,1,FALSE
8,4,2,0.8,0.8,FALSE,2,FALSE
6,2,2.1,0.8,0.8,FALSE,2,FALSE
6,2,1.9,0.8,0.7,FALSE,2,FALSE
6,2,2.1,0.7,0.8,FALSE,2,FALSE
8,4,2,0.7,0.9,FALSE,1,FALSE
6,2,1.7,0.8,0.8,FALSE,2,FALSE
4,2,58.1,73.8,181.1,FALSE,2,FALSE
6,10,1.8,0.8,0.9,FALSE,2,FALSE
6,2,1.9,0.7,0.9,FALSE,1,FALSE
8,1,209.4,114.9,28.5,FALSE,2,FALSE
6,4,2.1,0.7,0.7,FALSE,1,FALSE
6,8,1.8,0.7,0.8,FALSE,2,FALSE
6,8,2,0.9,0.7,FALSE,1,FALSE
6,2,2.2,0.8,0.6,FALSE,2,FALSE
4,2,75.6,88.3,161.2,FALSE,1,FALSE
6,2,2,0.8,0.7,FALSE,1,FALSE
4,2,75,64,191.6,FALSE,2,FALSE
6,4,1.9,0.8,0.7,FALSE,1,FALSE
6,4,2.2,0.8,0.8,FALSE,1,FALSE
8,2,1.9,0.8,0.5,FALSE,2,TRUE
8,1,188,106,26.9,TRUE,2,FALSE
4,2,71.3,78.1,164.7,FALSE,1,FALSE
4,2,61.3,75.2,164.4,FALSE,2,FALSE
6,8,2.3,0.7,0.8,FALSE,1,FALSE
6,4,1.7,0.8,0.7,FALSE,1,TRUE
8,8,2.1,0.6,0.7,FALSE,1,FALSE
6,4,2.1,0.6,0.7,FALSE,1,TRUE
6,4,2.3,0.9,0.7,FALSE,1,FALSE
6,2,2.2,0.7,0.6,FALSE,2,TRUE
4,2,66.2,59.2,135.8,FALSE,1,FALSE
6,10,1.9,0.6,0.7,FALSE,2,FALSE
8,2,1.7,0.7,0.7,FALSE,1,FALSE
8,1,221.8,116.8,29.8,TRUE,2,FALSE
6,6,2.1,0.8,0.6,FALSE,2,FALSE
8,1,223.8,92.3,29.6,TRUE,1,FALSE
6,4,2.2,0.7,0.7,FALSE,2,FALSE
6,2,2.5,0.8,0.8,FALSE,1,TRUE
6,6,1.8,0.8,0.8,FALSE,1,FALSE
8,2,1.8,0.7,0.7,FALSE,1,FALSE
8,8,2.1,0.7,0.8,FALSE,1,FALSE
6,2,2.2,0.8,0.6,FALSE,1,FALSE
4,2,74,83.4,186.4,FALSE,1,FALSE
10,1,194.3,100.6,29.5,FALSE,1,FALSE
12,1,203.8,112.4,29.3,TRUE,1,FALSE
4,2,61.8,82.7,185.4,FALSE,2,FALSE
6,2,2.1,0.9,0.7,FALSE,1,TRUE
8,2,2.2,0.7,0.5,FALSE,1,FALSE
4,2,64.1,60.7,155.1,FALSE,1,FALSE
10,1,193.7,97.2,25.5,FALSE,1,FALSE
10,1,226.3,103.2,30.8,TRUE,1,FALSE
6,4,1.6,0.8,0.8,FALSE,2,FALSE
6,2,2.1,0.6,0.7,FALSE,1,FALSE
6,2,2,0.8,0.7,FALSE,2,TRUE
8,1,227.8,116.5,29.4,TRUE,1,FALSE
6,4,2,0.6,0.6,FALSE,1,TRUE
6,2,1.9,0.8,0.7,FALSE,2,TRUE
8,2,2.1,0.7,0.8,FALSE,1,TRUE
6,6,2.2,0.7,0.6,FALSE,2,TRUE
4,2,68,71.3,171.2,FALSE,1,FALSE
6,8,2.2,0.8,0.7,FALSE,1,TRUE
4,2,62.5,65.2,177.7,FALSE,1,FALSE
8,2,1.8,0.7,0.7,FALSE,2,FALSE
8,2,1.8,0.8,0.9,FALSE,1,FALSE
6,2,1.7,0.8,0.8,FALSE,2,FALSE
8,2,1.8,0.7,0.7,FALSE,2,FALSE
8,8,2,0.8,0.6,FALSE,1,FALSE
6,10,2.1,0.7,0.8,FALSE,1,FALSE
8,2,2.1,0.8,0.8,FALSE,2,TRUE
4,2,60.1,71.3,182.5,FALSE,1,FALSE
6,2,1.9,0.8,0.6,FALSE,1,TRUE
6,8,2,0.6,0.7,FALSE,1,TRUE
6,2,1.9,0.7,0.8,FALSE,2,TRUE
12,1,212.5,125.9,30.5,FALSE,2,FALSE
4,2,65.5,77.6,176.6,FALSE,2,FALSE
8,4,2.3,0.7,0.7,FALSE,2,FALSE
8,2,2.3,0.8,0.8,FALSE,2,FALSE
6,2,1.8,0.8,0.8,FALSE,2,TRUE
6,4,2,0.7,0.7,FALSE,1,FALSE
6,2,2,0.6,0.7,FALSE,1,TRUE
10,1,211.8,99.4,27,TRUE,1,FALSE
6,2,2.1,0.8,0.8,FALSE,1,FALSE
6,4,1.6,0.8,0.8,FALSE,2,FALSE
6,2,1.7,0.7,0.8,FALSE,2,TRUE
6,2,1.7,0.6,0.7,FALSE,1,FALSE
8,2,1.8,0.8,0.8,FALSE,2,TRUE
6,2,2,0.8,0.8,FALSE,2,TRUE
8,1,223.1,114.1,33.5,FALSE,1,FALSE
6,2,2,0.8,0.7,FALSE,1,FALSE
6,2,2.1,0.8,0.7,FALSE,2,TRUE
6,4,2.1,0.8,0.8,FALSE,2,TRUE
8,1,194.8,104.7,32.1,TRUE,1,FALSE
12,1,195.7,79.2,28.7,TRUE,2,FALSE
4,2,57.9,66.7,193.9,FALSE,2,FALSE
6,6,1.6,0.8,0.7,FALSE,1,FALSE
6,2,2.2,0.7,0.8,FALSE,1,TRUE
4,2,60.6,70.2,154.2,FALSE,1,FALSE
8,2,1.8,0.8,0.7,FALSE,1,FALSE
6,2,1.5,0.8,0.7,FALSE,2,FALSE
6,2,2,0.6,0.7,FALSE,1,FALSE
6,2,2.3,0.7,0.7,FALSE,1,FALSE
6,4,2,0.8,0.6,FALSE,2,FALSE
6,8,2.1,0.7,0.8,FALSE,2,TRUE
8,1,196.1,78.3,33,TRUE,2,FALSE
6,2,2,0.8,0.8,FALSE,1,TRUE
8,2,2,0.8,0.8,FALSE,2,TRUE
8,6,2.1,0.7,0.8,FALSE,1,FALSE
8,4,2,0.8,0.7,FALSE,2,FALSE
6,2,2.1,0.8,0.6,FALSE,2,FALSE
6,8,2.1,0.8,0.8,FALSE,1,TRUE
8,1,188.5,87.2,27.2,FALSE,2,FALSE
6,2,2,0.8,0.7,FALSE,2,TRUE
8,2,1.7,0.9,0.6,FALSE,1,FALSE
8,1,201.2,112.1,24.9,TRUE,2,FALSE
6,10,2.1,0.7,0.7,FALSE,2,FALSE
10,1,200.4,100,27.1,TRUE,2,FALSE
10,1,211.5,97.7,32.7,TRUE,2,FALSE
6,2,2,0.9,0.7,FALSE,1,FALSE
8,4,2.3,0.8,0.8,FALSE,1,FALSE
6,2,2,0.8,0.8,FALSE,1,FALSE
8,4,2,0.7,0.7,FALSE,2,FALSE
10,1,207.3,92.7,29,FALSE,1,FALSE
6,2,2,0.7,0.7,FALSE,2,FALSE
6,8,2.2,0.7,0.7,FALSE,2,FALSE
6,2,1.9,0.6,0.7,FALSE,1,TRUE
6,4,2,0.7,0.9,FALSE,1,FALSE
8,8,1.5,0.8,0.9,FALSE,2,FALSE
6,2,2.1,0.9,0.7,FALSE,1,FALSE
6,4,2.1,0.8,0.7,FALSE,2,TRUE
8,4,1.8,0.8,0.7,FALSE,1,FALSE
10,1,193,110.6,30.4,FALSE,1,FALSE
6,8,2,0.7,0.7,FALSE,2,TRUE
4,2,52.4,65.7,198.9,FALSE,1,FALSE
6,6,2,0.7,0.9,FALSE,2,FALSE
6,2,1.8,0.8,0.7,FALSE,1,TRUE
6,2,2.1,0.8,0.7,FALSE,2,FALSE
6,2,1.9,0.7,0.8,FALSE,1,TRUE
8,8,2.1,0.7,0.8,FALSE,1,TRUE
6,8,2.4,0.7,0.7,FALSE,2,TRUE
8,2,2.2,0.7,0.8,FALSE,2,TRUE
6,8,2.3,0.9,0.6,FALSE,1,FALSE
8,4,1.7,0.8,0.7,FALSE,2,TRUE
6,6,2.2,0.6,0.7,FALSE,1,FALSE
6,2,1.7,0.8,0.7,FALSE,2,TRUE
12,1,201.1,104.4,33.1,FALSE,2,FALSE
6,4,2,0.8,0.7,FALSE,1,TRUE
6,2,2.2,0.8,0.8,FALSE,2,FALSE
6,2,2,0.7,0.9,FALSE,1,FALSE
6,10,1.7,0.8,0.8,FALSE,1,TRUE
6,4,1.7,0.7,0.7,FALSE,1,FALSE
6,2,2.2,0.9,0.6,FALSE,2,FALSE
12,1,212,113.1,33,TRUE,1,FALSE
12,1,199.9,107,33.4,TRUE,1,FALSE
4,2,55.2,82.6,184.4,FALSE,2,FALSE
4,2,56.5,77.9,168.1,FALSE,2,FALSE
10,1,163.6,105.1,29.1,FALSE,1,FALSE
6,2,2.2,0.8,0.7,FALSE,1,FALSE
12,1,203.2,107.2,29.6,FALSE,2,FALSE
6,2,2.1,0.8,0.8,FALSE,2,FALSE
6,2,2.1,0.6,0.7,FALSE,1,FALSE
8,2,2.1,0.8,0.9,FALSE,2,FALSE
6,2,2,0.9,0.7,FALSE,2,FALSE
10,1,192.5,94.4,36.8,TRUE,2,FALSE
8,1,226.5,84.5,29.4,FALSE,2,FALSE
4,2,73.4,85.7,168,FALSE,2,FALSE
6,2,2,0.8,0.7,FALSE,1,TRUE
8,4,1.6,0.8,0.9,FALSE,1,FALSE
6,6,1.9,0.7,0.8,FALSE,1,FALSE
6,10,1.9,0.8,0.8,FALSE,2,FALSE
6,4,2.3,0.7,0.7,FALSE,1,TRUE
8,4,1.9,0.8,0.7,FALSE,2,TRUE
6,2,2.1,0.9,0.8,FALSE,2,FALSE
8,4,2,0.8,0.8,FALSE,2,FALSE
8,2,2.1,0.7,0.8,FALSE,1,TRUE
4,2,68.1,58.2,155.6,FALSE,2,FALSE
6,2,1.6,0.8,0.7,FALSE,2,FALSE
6,8,2.1,0.8,0.7,FALSE,1,TRUE
6,8,2,0.7,0.7,FALSE,1,FALSE
4,2,58.5,64.2,175.5,FALSE,2,FALSE
6,2,2.2,0.7,0.8,FALSE,2,FALSE
12,1,182.6,100.1,25.1,FALSE,2,FALSE
8,2,2,0.6,0.8,FALSE,2,FALSE
4,2,57.7,81.5,184.4,FALSE,1,FALSE
6,4,1.9,0.8,0.8,FALSE,2,FALSE
6,2,2.2,0.7,0.8,FALSE,2,TRUE
8,6,2,0.7,0.7,FALSE,1,TRUE
4,2,40.2,89.1,206.1,FALSE,2,FALSE
6,2,2,0.9,0.8,FALSE,2,TRUE
4,2,47.7,76.7,191.7,FALSE,2,FALSE
6,2,2.1,0.7,0.8,FALSE,2,FALSE
6,4,2.3,0.8,0.7,FALSE,2,FALSE
8,2,1.7,0.9,0.7,FALSE,1,FALSE
8,2,1.7,0.7,0.8,FALSE,1,TRUE
8,8,2.4,0.8,0.7,FALSE,1,TRUE
8,4,2.3,0.8,0.8,FALSE,1,FALSE
6,8,2.2,0.7,0.7,FALSE,1,TRUE
6,2,1.8,0.7,0.8,FALSE,2,TRUE
12,1,226,91.2,33.9,FALSE,1,FALSE
6,4,1.9,0.8,0.9,FALSE,1,TRUE
8,10,2.1,0.8,0.8,FALSE,2,FALSE
8,4,1.9,0.8,0.8,FALSE,2,FALSE
12,1,221.5,117.9,29.4,TRUE,2,FALSE
8,2,2,0.7,0.7,FALSE,2,FALSE
4,2,56,76.6,202.3,FALSE,2,FALSE
8,4,2.2,0.7,0.9,FALSE,2,FALSE
6,2,1.9,0.8,0.7,FALSE,1,FALSE
8,8,1.6,0.7,0.7,FALSE,2,TRUE
4,2,54.9,64.4,172.9,FALSE,1,FALSE
6,10,2.3,0.7,0.8,FALSE,2,TRUE
6,4,2,0.9,0.8,FALSE,2,TRUE
6,8,1.9,0.7,0.7,FALSE,2,TRUE
4,2,60.5,76.8,217.2,FALSE,2,FALSE
6,4,2,0.8,0.6,FALSE,2,TRUE
6,2,2,0.8,0.8,FALSE,2,TRUE
8,1,199.4,111.6,34.1,TRUE,2,FALSE
6,2,2,0.7,0.6,FALSE,1,TRUE
6,2,1.9,0.7,0.8,FALSE,1,FALSE
6,6,1.8,0.8,0.7,FALSE,2,FALSE
8,2,2.2,0.8,0.7,FALSE,1,TRUE
8,2,2.2,0.8,0.8,FALSE,2,FALSE
10,1,204.7,110.5,29.3,FALSE,2,FALSE
6,2,2.2,0.6,0.6,FALSE,1,FALSE
8,1,208.4,96.6,31.6,TRUE,2,FALSE
6,2,1.9,0.8,0.8,FALSE,2,FALSE
4,2,39.2,61.8,160.7,FALSE,2,FALSE
4,2,51.5,65,168.8,FALSE,2,FALSE
6,10,2.2,0.6,0.6,FALSE,1,FALSE
8,2,1.8,0.8,0.7,FALSE,1,FALSE
6,2,2.2,0.7,0.7,FALSE,1,FALSE
8,1,172,79.8,34.8,FALSE,2,FALSE
6,2,1.9,0.8,0.7,FALSE,1,TRUE
6,2,2,0.9,0.7,FALSE,2,TRUE
6,6,2,0.7,0.7,FALSE,2,FALSE
6,10,1.9,0.7,0.7,FALSE,1,FALSE
8,2,2,0.6,0.8,FALSE,1,TRUE
6,2,2.1,0.7,0.8,FALSE,2,FALSE
6,10,2,0.7,0.8,FALSE,1,FALSE
6,2,1.9,0.7,0.6,FALSE,2,FALSE
6,2,2.2,0.9,0.8,FALSE,2,FALSE
12,1,205.8,94.6,32.4,FALSE,2,FALSE
8,4,2.1,0.7,0.8,FALSE,1,FALSE
8,6,2.1,0.7,0.7,FALSE,2,TRUE
10,1,207.3,91.5,35.1,TRUE,2,FALSE
12,1,188.1,103.5,24.3,FALSE,2,FALSE
12,1,185.3,94.9,29.7,FALSE,2,FALSE
6,10,1.9,0.8,0.7,FALSE,2,TRUE
12,1,215,75.9,29.4,FALSE,1,FALSE
12,1,195.8,109.7,28.1,FALSE,2,FALSE
6,2,1.6,0.7,0.8,FALSE,2,FALSE
12,1,171.8,108.6,25,TRUE,1,FALSE
6,4,2,0.7,0.8,FALSE,1,FALSE
8,2,2.2,0.7,0.9,FALSE,2,TRUE
6,2,2.1,0.8,0.9,FALSE,2,TRUE
8,2,2.3,0.6,0.6,FALSE,2,FALSE
4,2,46.3,61,162.2,FALSE,2,FALSE
6,2,2,0.8,0.8,FALSE,1,FALSE
8,4,2.4,0.8,0.7,FALSE,1,FALSE
8,8,1.9,0.8,0.7,FALSE,2,TRUE
8,1,215.3,106.5,27.8,TRUE,1,FALSE
12,1,219.9,102.8,28.3,FALSE,2,FALSE
6,2,1.9,0.8,0.7,FALSE,1,FALSE
6,8,2.1,0.8,0.8,FALSE,1,FALSE
6,2,1.5,0.8,0.7,FALSE,2,FALSE
8,6,2.1,0.7,0.8,FALSE,2,FALSE
10,1,201.5,119.3,34.3,TRUE,1,FALSE
6,10,1.9,0.7,0.8,FALSE,2,TRUE
6,4,1.8,0.6,0.6,FALSE,1,TRUE
8,2,2,1,0.6,FALSE,2,FALSE
8,2,2.2,0.8,0.8,FALSE,2,TRUE
8,10,2,0.7,0.8,FALSE,2,TRUE
8,1,201.3,109.6,28.9,TRUE,2,FALSE
8,1,207.4,111.7,29.5,TRUE,1,FALSE
4,2,46.4,71.3,182.4,FALSE,1,FALSE
6,4,2.4,0.8,0.9,FALSE,1,FALSE
6,8,2,0.8,0.7,FALSE,1,TRUE
6,2,2,0.7,0.8,FALSE,1,FALSE
6,4,1.8,0.8,0.7,FALSE,2,TRUE
8,1,197.4,98.9,28.5,TRUE,1,FALSE
6,2,2,0.7,0.9,FALSE,2,TRUE
8,4,2.2,0.7,0.8,FALSE,1,FALSE
12,1,190.8,103.1,31.7,FALSE,2,FALSE
6,2,1.8,0.7,0.8,FALSE,2,TRUE
8,2,2.3,0.7,0.8,FALSE,1,FALSE
12,1,189.3,90.2,26.7,FALSE,1,FALSE
8,2,2.2,0.8,0.7,FALSE,2,FALSE
6,4,2,0.8,0.5,FALSE,2,FALSE
6,8,2,0.8,0.8,FALSE,1,FALSE
6,8,2.3,0.8,0.8,FALSE,2,FALSE
8,6,2.3,0.7,0.8,FALSE,1,FALSE
6,2,2.1,0.7,0.9,FALSE,1,FALSE
4,2,61.8,62.9,210.6,FALSE,1,FALSE
6,2,1.9,0.8,0.7,FALSE,1,TRUE
6,8,2,0.8,0.7,FALSE,1,FALSE
8,1,189.8,102,27.7,FALSE,2,FALSE
6,2,1.6,0.8,0.7,FALSE,2,FALSE
6,10,2.2,0.7,0.9,FALSE,2,TRUE
8,2,2.3,0.8,0.8,FALSE,2,FALSE
8,1,231.3,105.7,35.7,TRUE,1,FALSE
8,2,2.1,0.8,0.6,FALSE,2,FALSE
8,2,2.5,0.6,0.8,FALSE,2,FALSE
8,2,1.7,0.8,0.9,FALSE,2,TRUE
8,2,2,0.7,0.8,FALSE,2,FALSE
6,4,1.8,0.7,0.7,FALSE,2,FALSE
6,2,2,0.7,0.6,FALSE,2,FALSE
6,4,2.3,0.7,0.6,FALSE,1,FALSE
10,1,236.5,119.1,31.7,TRUE,1,FALSE
10,1,215.5,91.5,27.6,FALSE,1,FALSE
8,1,230.6,93.9,35.1,TRUE,2,FALSE
6,2,1.9,0.8,0.7,FALSE,1,TRUE
8,2,1.8,0.8,0.8,FALSE,1,FALSE
6,4,2.1,0.7,0.8,FALSE,1,TRUE
6,2,1.9,0.8,0.7,FALSE,1,FALSE
8,8,2,0.8,0.8,FALSE,1,TRUE
8,4,2.2,0.8,0.8,FALSE,2,FALSE
4,2,99.5,89.7,170.2,FALSE,1,FALSE
8,4,1.7,0.7,0.7,FALSE,1,FALSE
8,2,1.7,0.8,0.8,FALSE,2,FALSE
12,1,214.5,92.3,33.3,FALSE,2,FALSE
8,2,2.1,0.7,0.8,FALSE,2,FALSE
8,4,2.2,0.8,0.7,FALSE,1,TRUE
8,6,2,0.9,0.8,FALSE,1,TRUE
6,2,1.7,0.7,0.8,FALSE,2,FALSE
6,2,1.7,0.7,0.6,FALSE,2,TRUE
4,2,74.7,80,186.1,FALSE,1,FALSE
12,1,224.9,97.4,31.6,FALSE,2,FALSE
4,2,51.5,64.4,176,FALSE,1,FALSE
6,2,2,0.7,0.7,FALSE,1,TRUE
10,1,199.9,92.5,29.3,TRUE,1,FALSE
8,2,1.7,0.9,0.8,FALSE,2,FALSE
8,1,167.6,110.5,37.8,FALSE,1,FALSE
8,1,232.2,103.3,29.3,FALSE,2,FALSE
4,2,50.8,49.6,184.2,FALSE,2,FALSE
6,2,2.3,0.7,0.8,FALSE,2,TRUE
8,8,2.1,0.7,0.7,FALSE,1,FALSE
8,10,2,0.8,0.8,FALSE,1,TRUE
8,1,193.7,113.2,28.3,FALSE,1,FALSE
6,10,2.1,0.7,0.8,FALSE,2,FALSE
6,6,2,0.7,0.8,FALSE,1,FALSE
8,1,204,117.3,31.2,TRUE,2,FALSE
12,1,198.4,93.3,30.4,FALSE,1,FALSE
6,4,1.9,0.7,0.7,FALSE,2,FALSE
12,1,204.2,87.1,28.9,TRUE,2,FALSE
6,4,2.2,0.6,0.8,FALSE,2,FALSE
6,2,2.1,0.7,0.7,FALSE,2,TRUE
6,4,2.2,0.7,0.7,FALSE,1,FALSE
6,4,2.2,0.7,0.7,FALSE,2,TRUE
8,1,180.9,117.3,31.5,FALSE,2,FALSE
6,2,2,0.8,0.6,FALSE,1,TRUE
6,4,1.6,0.8,0.7,FALSE,2,FALSE
8,4,2.2,0.7,0.8,FALSE,1,FALSE
6,2,1.8,0.7,0.7,FALSE,1,TRUE
6,2,2.2,0.7,0.9,FALSE,1,FALSE
6,2,2.1,0.9,0.7,FALSE,2,FALSE
6,10,2.3,0.8,0.7,FALSE,2,FALSE
6,4,1.9,0.7,0.6,FALSE,1,FALSE
8,1,228.8,108.1,29.1,FALSE,1,FALSE
8,2,1.7,0.7,0.8,FALSE,1,TRUE
4,2,63.5,90.3,184.5,FALSE,1,FALSE
6,4,2,0.8,0.8,FALSE,2,FALSE
12,1,213.9,91.5,30.5,TRUE,1,FALSE
6,4,2.3,0.7,0.8,FALSE,2,FALSE
6,4,2,0.8,0.7,FALSE,1,TRUE
4,2,73.9,60.3,175.4,FALSE,2,FALSE
6,2,1.9,0.7,0.9,FALSE,1,FALSE
6,2,2.3,0.7,0.8,FALSE,1,FALSE
6,4,2.1,0.7,0.8,FALSE,1,FALSE
6,10,1.9,0.7,0.8,FALSE,1,FALSE
8,2,2,0.6,0.8,FALSE,1,FALSE
8,1,216.4,108.6,31.2,FALSE,2,FALSE
8,2,2.1,0.6,0.8,FALSE,1,TRUE
8,2,1.8,0.8,0.7,FALSE,1,FALSE
12,1,202.4,128.1,28.6,FALSE,2,FALSE
6,2,2.2,0.7,0.8,FALSE,2,FALSE
6,2,2.6,0.6,0.7,FALSE,2,TRUE
6,6,1.6,0.6,0.8,FALSE,1,TRUE
10,1,168.1,111.7,31.2,TRUE,2,FALSE
6,6,1.7,0.7,0.8,FALSE,1,TRUE
8,1,193.5,76.9,34.2,TRUE,2,FALSE
4,2,42.3,76,181.9,FALSE,2,FALSE
10,1,219,111.3,24.4,TRUE,2,FALSE
6,2,2,0.8,0.7,FALSE,2,FALSE
6,2,1.7,0.8,0.8,FALSE,1,FALSE
6,2,1.8,0.9,0.6,FALSE,2,FALSE
6,2,1.9,0.6,0.7,FALSE,2,TRUE
8,2,2,0.6,0.8,FALSE,1,TRUE
10,1,199.3,99.2,25.7,FALSE,1,FALSE
6,10,1.7,0.8,0.7,FALSE,1,TRUE
8,1,161.4,114,29.8,FALSE,1,FALSE
8,2,1.8,0.7,0.8,FALSE,2,TRUE
8,2,2,0.8,0.8,FALSE,2,FALSE
6,2,2.3,0.7,0.7,FALSE,2,FALSE
6,2,2,0.8,0.8,FALSE,1,TRUE
6,8,2.6,0.7,0.9,FALSE,1,FALSE
8,2,2,0.6,0.7,FALSE,2,FALSE
12,1,209.6,91.4,31.7,FALSE,2,FALSE
6,2,2.1,0.9,0.7,FALSE,2,FALSE
6,2,1.9,0.6,0.6,FALSE,1,TRUE
8,1,210.8,83.5,30.8,TRUE,1,FALSE
8,1,199.1,101.7,29.8,TRUE,2,FALSE
12,1,216.3,90.1,25.8,TRUE,2,FALSE
6,2,2.1,0.7,0.8,FALSE,2,FALSE
12,1,189.1,93.4,27.4,FALSE,1,FALSE
6,2,2.2,0.7,0.8,FALSE,2,FALSE
6,2,2,0.6,0.8,FALSE,2,FALSE
6,2,1.6,0.9,0.7,FALSE,1,FALSE
12,1,204.4,99.6,29.3,FALSE,2,FALSE
4,2,31.7,45.9,179.1,FALSE,1,FALSE
6,8,1.9,0.9,0.7,FALSE,2,FALSE
6,2,1.9,0.8,0.7,FALSE,2,TRUE
10,1,168.4,99.3,29.6,TRUE,2,FALSE
6,4,1.8,0.8,0.7,FALSE,2,TRUE
6,2,1.9,0.7,0.7,FALSE,2,FALSE
12,1,202.2,100.8,26.2,FALSE,2,FALSE
6,8,2,0.6,0.8,FALSE,2,FALSE
8,2,2,0.7,0.7,FALSE,2,TRUE
8,2,2.4,0.8,0.9,FALSE,1,FALSE
6,10,2.2,0.8,0.8,FALSE,1,FALSE
8,2,1.9,0.8,0.7,FALSE,2,FALSE
8,8,2.3,0.9,0.7,FALSE,2,FALSE
6,2,1.9,0.9,0.7,FALSE,1,FALSE
6,4,1.8,0.7,0.6,FALSE,1,TRUE
8,2,2.3,0.7,0.8,FALSE,2,FALSE
6,4,2,0.8,0.8,FALSE,1,FALSE
8,4,1.8,0.8,0.6,FALSE,1,TRUE
6,2,1.9,0.6,0.8,FALSE,1,FALSE
6,2,1.9,0.7,0.7,FALSE,2,FALSE
6,2,1.7,0.8,0.7,FALSE,1,TRUE
6,4,1.8,0.8,0.8,FALSE,1,TRUE
10,1,193.1,86.2,30.7,FALSE,2,FALSE
8,2,2.1,0.8,0.7,FALSE,2,FALSE
8,4,2.3,0.8,0.7,FALSE,1,TRUE
8,2,2,0.7,0.9,FALSE,2,FALSE
4,2,79.5,84.7,195.6,FALSE,2,FALSE
10,1,194.4,91.8,36.5,TRUE,2,FALSE
6,10,2.1,0.8,0.7,FALSE,1,FALSE
10,1,178.3,95.9,33.1,TRUE,1,FALSE
8,1,219.3,109.1,35.7,TRUE,1,FALSE
10,1,228.1,93.5,38.1,TRUE,1,FALSE
10,1,163.3,114.6,30.2,TRUE,1,FALSE
6,8,1.7,0.7,0.7,FALSE,1,FALSE
6,2,1.8,0.7,0.8,FALSE,1,TRUE
6,2,1.9,0.8,0.7,FALSE,1,TRUE
6,2,2.1,0.8,0.7,FALSE,1,TRUE
8,2,1.6,0.7,0.7,FALSE,1,TRUE
6,8,1.9,0.7,0.8,FALSE,2,FALSE
6,2,1.7,0.7,0.7,FALSE,1,FALSE
8,4,2,0.7,0.8,FALSE,2,TRUE
10,1,200.5,99.5,27.4,TRUE,2,FALSE
4,2,51.6,75.2,166.4,FALSE,2,FALSE
6,2,2.2,0.7,0.7,FALSE,1,TRUE
8,2,2.2,0.8,0.6,FALSE,1,TRUE
6,2,2.2,0.8,0.8,FALSE,1,FALSE
6,4,2.2,0.8,0.7,FALSE,1,TRUE
12,1,203.3,102.9,28.9,FALSE,2,FALSE
10,1,200.8,111.1,32.6,TRUE,1,FALSE
4,2,54.2,77.2,196.5,FALSE,1,FALSE
6,2,2.1,0.8,0.7,FALSE,2,FALSE
6,4,2,0.8,0.8,FALSE,2,FALSE
6,2,1.9,0.7,0.7,FALSE,2,FALSE
8,2,1.7,0.7,0.8,FALSE,2,TRUE
8,2,2,0.8,0.8,FALSE,1,FALSE
12,1,212.8,114.3,30.8,FALSE,2,FALSE
6,2,2.2,0.7,0.8,FALSE,2,TRUE
8,2,2.1,0.7,0.8,FALSE,2,TRUE
8,1,164.8,108.5,32.6,FALSE,2,FALSE
4,2,63.5,58.6,183.4,FALSE,2,FALSE
12,1,238,96.6,26.7,TRUE,2,FALSE
8,2,2.1,0.7,0.9,FALSE,1,FALSE
8,1,182.9,110.1,36.2,FALSE,2,FALSE
12,1,191.7,104.2,35.6,FALSE,2,FALSE
6,2,2,0.8,0.8,FALSE,1,FALSE
8,2,2.2,0.8,0.7,FALSE,2,FALSE
12,1,217.6,96,31.9,TRUE,2,FALSE
6,2,2.1,0.7,0.8,FALSE,2,TRUE
4,2,57.4,59.8,214.4,FALSE,2,FALSE
4,2,43.3,75.7,145.2,FALSE,2,FALSE
8,2,2.3,0.8,0.8,FALSE,2,FALSE
6,2,2,0.9,0.8,FALSE,1,FALSE
6,2,2,0.7,0.9,FALSE,1,FALSE
4,2,54.4,71.5,200.4,FALSE,1,FALSE
6,2,1.9,0.8,0.7,FALSE,1,TRUE
6,4,2,0.9,0.8,FALSE,1,FALSE
6,2,2.2,0.7,0.8,FALSE,2,TRUE
6,8,2.2,0.7,0.8,FALSE,2,FALSE
6,2,2.1,0.8,0.7,FALSE,2,FALSE
8,2,1.9,0.7,0.7,FALSE,2,FALSE
6,4,1.7,0.8,0.7,FALSE,2,FALSE
6,2,2.2,0.7,0.9,FALSE,1,FALSE
10,1,209.4,107.5,28.6,FALSE,1,FALSE
8,2,1.9,0.8,0.8,FALSE,1,FALSE
6,6,1.6,0.8,0.7,FALSE,2,FALSE
6,4,2.1,0.7,0.8,FALSE,1,TRUE
6,8,2,0.8,0.9,FALSE,2,TRUE
10,1,184.9,94.3,28.5,FALSE,1,FALSE
4,2,64.2,70.3,176.6,FALSE,1,FALSE
8,1,203.2,113.6,28.1,TRUE,2,FALSE
12,1,176.4,101.7,33.9,TRUE,1,FALSE
12,1,215.7,102.1,29.4,FALSE,2,FALSE
6,4,1.9,0.8,0.8,FALSE,2,FALSE
8,6,1.7,0.8,0.8,FALSE,2,TRUE
4,2,69.4,70.7,155.5,FALSE,2,FALSE
4,2,58.6,79.5,189.7,FALSE,1,FALSE
6,4,2.1,0.8,0.8,FALSE,1,FALSE
6,4,1.8,0.6,0.7,FALSE,1,TRUE
8,1,221.4,112.3,30.7,FALSE,1,FALSE
6,2,1.8,0.7,0.8,FALSE,2,TRUE
8,4,1.8,0.7,0.9,FALSE,1,FALSE
6,10,1.4,0.6,0.8,FALSE,2,FALSE
8,4,2,0.8,0.7,FALSE,1,FALSE
6,4,1.9,0.8,0.8,FALSE,1,FALSE
6,4,2,0.8,0.7,FALSE,1,FALSE
6,6,2.1,0.8,0.7,FALSE,1,FALSE
8,2,2.1,0.7,0.7,FALSE,2,TRUE
6,4,1.9,0.7,0.8,FALSE,1,FALSE
6,2,1.7,0.7,0.9,FALSE,1,TRUE
10,1,189.9,109.4,25.2,TRUE,2,FALSE
6,2,2.1,0.8,0.6,FALSE,2,FALSE
6,2,1.6,0.8,0.7,FALSE,1,TRUE
4,2,53.7,73.2,178.7,FALSE,2,FALSE
8,2,1.9,0.7,0.7,FALSE,1,FALSE
6,2,1.8,0.7,0.8,FALSE,1,FALSE
8,2,1.9,0.9,0.8,FALSE,1,TRUE
6,2,2,0.8,0.7,FALSE,2,FALSE
6,2,1.9,0.8,0.8,FALSE,1,FALSE
10,1,180.2,101.8,30.3,FALSE,2,FALSE
6,2,1.9,0.6,0.7,FALSE,1,FALSE
8,2,1.9,0.8,0.8,FALSE,2,FALSE
6,2,1.7,0.9,0.9,FALSE,2,FALSE
6,6,2.6,0.8,0.7,FALSE,1,FALSE
6,2,1.9,0.7,0.8,FALSE,1,TRUE
6,2,1.8,0.8,0.7,FALSE,1,FALSE
8,2,1.8,0.8,0.6,FALSE,2,TRUE
4,2,58.8,60.2,177,FALSE,1,FALSE
8,2,2.1,0.7,0.8,FALSE,1,FALSE
6,10,1.9,0.8,0.9,FALSE,2,TRUE
6,2,2.6,0.8,0.7,FALSE,1,FALSE
6,2,1.9,0.8,0.8,FALSE,1,FALSE
6,2,1.9,0.7,0.8,FALSE,2,TRUE
8,2,1.7,0.7,0.8,FALSE,2,TRUE
8,2,2,0.7,0.7,FALSE,2,FALSE
8,10,2.1,0.6,0.8,FALSE,1,FALSE
8,2,1.9,0.8,0.6,FALSE,2,TRUE
8,6,2,0.6,0.7,FALSE,2,TRUE
4,2,74.3,79.1,178.4,FALSE,1,FALSE
6,2,1.7,0.8,0.7,FALSE,1,FALSE
6,10,1.8,0.7,0.8,FALSE,2,TRUE
6,2,1.9,0.8,0.8,FALSE,2,FALSE
8,6,2.1,0.6,0.7,FALSE,2,FALSE
8,1,223,105.4,30.3,TRUE,1,FALSE
12,1,199.3,107.5,30.6,TRUE,2,FALSE
6,4,2.1,0.6,0.7,FALSE,1,FALSE
8,2,2.1,0.9,0.6,FALSE,2,TRUE
6,2,2.3,0.7,0.7,FALSE,1,TRUE
6,2,1.8,0.7,0.8,FALSE,2,TRUE
6,2,1.7,0.7,0.8,FALSE,1,TRUE
8,2,1.9,0.7,0.8,FALSE,2,FALSE
4,2,52.5,87.9,211.9,FALSE,1,FALSE
6,4,2.1,0.9,0.7,FALSE,2,FALSE
12,1,217.5,87.5,28.3,FALSE,1,FALSE
6,10,2.2,0.7,0.7,FALSE,1,FALSE
6,2,2,0.9,0.9,FALSE,2,FALSE
8,2,2.1,0.8,0.7,FALSE,2,FALSE
4,2,55.4,65.3,156.7,FALSE,2,FALSE
6,2,1.9,0.6,0.8,FALSE,2,FALSE
8,6,1.9,0.8,0.6,FALSE,1,TRUE
10,1,218.9,111.3,31.5,TRUE,2,FALSE
10,1,214.4,100,34.8,TRUE,1,FALSE
8,2,2,0.9,0.7,FALSE,2,FALSE
6,8,1.8,0.6,0.8,FALSE,1,TRUE
8,2,2.2,0.6,0.8,FALSE,2,FALSE
6,6,1.9,0.6,0.8,FALSE,1,FALSE
8,2,2.2,0.8,0.8,FALSE,2,FALSE
6,2,1.8,0.7,0.7,FALSE,1,FALSE
6,8,2,0.7,0.8,FALSE,1,TRUE
6,2,2.1,0.8,0.9,FALSE,2,TRUE
6,4,1.7,0.7,0.8,FALSE,1,TRUE
8,2,1.6,0.6,0.7,FALSE,2,FALSE
6,2,1.9,0.8,0.7,FALSE,2,TRUE
6,2,2,0.7,0.8,FALSE,1,TRUE
10,1,215.3,92,28.8,FALSE,1,FALSE
4,2,71,80.5,198.3,FALSE,1,FALSE
6,2,1.8,0.8,0.8,FALSE,2,FALSE
6,8,1.9,0.6,0.7,FALSE,2,FALSE
8,2,1.8,0.8,0.8,FALSE,1,FALSE
6,4,2.1,0.7,0.7,FALSE,1,TRUE
8,4,2,0.7,0.9,FALSE,2,FALSE
6,10,2,0.7,0.6,FALSE,2,FALSE
12,1,222.6,102.7,24.5,FALSE,1,FALSE
8,4,2.1,0.8,0.7,FALSE,2,FALSE
8,8,1.9,0.7,0.8,FALSE,1,FALSE
6,4,2.1,0.8,0.6,FALSE,2,FALSE
6,2,2.2,0.7,0.8,FALSE,2,FALSE
4,2,79.8,79,169.4,FALSE,2,FALSE
6,2,1.7,0.7,0.7,FALSE,1,FALSE
6,4,1.9,0.6,0.7,FALSE,1,TRUE
6,2,2.2,0.8,0.7,FALSE,1,FALSE
12,1,211.8,100.8,28.9,TRUE,2,FALSE
6,10,1.9,0.7,0.7,FALSE,2,FALSE
10,1,177.1,106.2,32,FALSE,2,FALSE
6,2,2,0.9,0.7,FALSE,2,FALSE
4,2,45.4,54.3,171.7,FALSE,1,FALSE
8,4,1.9,0.8,0.8,FALSE,2,TRUE
8,1,209.7,99.2,30.5,TRUE,1,FALSE
4,2,59.5,50.9,179.1,FALSE,2,FALSE
6,2,2.1,0.7,0.9,FALSE,2,FALSE
6,10,1.8,0.7,0.7,FALSE,1,FALSE
4,2,39,74.2,205.8,FALSE,2,FALSE
6,2,2.1,0.8,0.7,FALSE,1,FALSE
8,1,210.6,103,27,FALSE,2,FALSE
6,2,1.9,0.8,0.8,FALSE,1,FALSE
12,1,187.8,95.3,33.3,TRUE,2,FALSE
4,2,65.9,71.2,222.4,FALSE,1,FALSE
8,2,1.6,0.8,0.8,FALSE,1,TRUE
6,2,1.9,0.9,0.8,FALSE,2,TRUE
6,2,1.9,0.8,0.7,FALSE,2,TRUE
8,1,198.8,92.1,26.5,FALSE,2,FALSE
6,2,2,0.8,0.7,FALSE,1,TRUE
6,2,2.4,0.7,0.9,FALSE,2,TRUE
6,2,2.2,0.8,0.6,FALSE,1,TRUE
6,2,1.7,0.7,0.7,FALSE,2,TRUE
4,2,58,59.6,170.6,FALSE,2,FALSE
8,2,1.9,0.7,0.7,FALSE,2,FALSE
4,2,56,61.3,198.5,FALSE,1,FALSE
8,1,191.8,112.4,23.8,TRUE,1,FALSE
4,2,62.9,60.1,207.9,FALSE,2,FALSE
6,2,2.4,0.9,0.8,FALSE,2,FALSE
8,1,186.4,112.9,28,TRUE,1,FALSE
8,2,1.9,0.7,0.6,FALSE,1,FALSE
6,2,2.1,0.8,0.5,FALSE,1,TRUE
6,2,2,0.8,0.8,FALSE,1,FALSE
12,1,212,90.2,33.3,FALSE,2,FALSE
12,1,230.5,103.2,26.8,TRUE,2,FALSE
6,2,2,0.7,0.8,FALSE,1,TRUE
10,1,184.1,81.4,30.2,TRUE,2,FALSE
8,2,1.9,0.6,0.6,FALSE,1,FALSE
8,4,2.2,0.7,0.8,FALSE,2,FALSE
4,2,53,55.6,199.2,FALSE,2,FALSE
6,2,2.1,0.8,0.7,FALSE,2,TRUE
8,2,2.2,0.7,0.7,FALSE,2,FALSE
6,2,2.1,0.7,0.8,FALSE,2,FALSE
10,1,208.3,96,29.9,FALSE,1,FALSE
6,8,1.9,0.8,0.9,FALSE,1,TRUE
6,8,1.8,0.6,0.6,FALSE,2,FALSE
6,2,2.2,0.7,0.7,FALSE,2,TRUE
6,2,2,0.7,0.9,FALSE,2,FALSE
8,2,1.9,0.8,0.8,FALSE,2,FALSE
6,6,2.3,0.8,0.8,FALSE,2,TRUE
8,2,1.6,0.8,0.9,FALSE,2,FALSE
6,4,1.6,0.7,0.7,FALSE,1,FALSE
4,2,61.9,84.3,189.5,FALSE,1,FALSE
6,8,2.2,0.8,0.7,FALSE,1,FALSE
8,2,1.9,0.7,0.9,FALSE,1,FALSE
10,1,177.9,124.7,26,FALSE,2,FALSE
6,2,2.3,0.8,0.8,FALSE,1,TRUE
8,1,193.5,110.7,24.6,FALSE,1,FALSE
12,1,216.7,97.1,36.5,TRUE,1,FALSE
6,2,2,0.8,0.7,FALSE,2,TRUE
6,4,2.1,0.7,0.7,FALSE,2,FALSE
6,4,1.9,0.7,0.7,FALSE,1,FALSE
6,2,1.7,0.8,0.8,FALSE,2,FALSE
10,1,160.6,98.6,33.9,FALSE,1,FALSE
6,6,2,0.7,0.7,FALSE,1,TRUE
6,2,2.1,0.7,0.7,FALSE,2,FALSE
12,1,189.4,122.8,28.6,TRUE,2,FALSE
8,2,1.8,0.8,0.9,FALSE,2,FALSE
6,2,2.1,0.8,0.7,FALSE,2,FALSE
4,2,82.8,71.7,157.7,FALSE,1,FALSE
8,1,215.7,112.1,32,FALSE,1,FALSE
8,4,1.4,0.6,0.8,FALSE,1,FALSE
4,2,45.1,71.3,119.3,FALSE,1,FALSE
6,2,1.9,0.8,0.7,FALSE,1,FALSE
6,4,1.9,0.9,0.8,FALSE,2,FALSE
8,4,2.1,0.7,0.9,FALSE,1,FALSE
8,4,2.2,0.9,0.7,FALSE,2,TRUE
6,2,1.7,0.6,0.8,FALSE,2,FALSE
4,2,52.6,81.9,160.7,FALSE,2,FALSE
6,2,2.1,0.8,0.7,FALSE,1,TRUE
10,1,196.3,96.1,26.4,FALSE,2,FALSE
8,4,2.1,0.8,0.7,FALSE,1,FALSE
8,1,237.2,93.8,33.8,TRUE,2,FALSE
6,8,2.1,0.8,0.7,FALSE,1,FALSE
8,2,1.9,0.8,0.6,FALSE,1,TRUE
8,2,2.2,0.8,0.8,FALSE,2,FALSE
8,2,2.1,0.8,0.7,FALSE,1,FALSE
4,2,50.4,71,134.9,FALSE,1,FALSE
6,4,1.9,0.7,0.8,FALSE,1,FALSE
8,1,191.3,79.7,26.6,TRUE,2,FALSE
4,2,80.2,56.2,182.9,FALSE,1,FALSE
8,2,1.8,0.7,0.7,FALSE,1,FALSE
8,2,2.1,0.6,0.9,FALSE,2,TRUE
8,2,1.9,0.7,0.7,FALSE,2,FALSE
8,1,248.7,104.2,32.2,FALSE,1,FALSE
10,1,196.1,101.5,34.8,TRUE,1,FALSE
6,2,2.2,0.7,0.8,FALSE,1,TRUE
6,8,1.6,0.7,0.9,FALSE,2,FALSE
6,2,2,0.8,0.8,FALSE,1,FALSE
6,2,2.2,0.8,0.7,FALSE,2,TRUE
8,1,212.5,89.6,33.6,TRUE,1,FALSE
6,6,2.4,0.7,0.8,FALSE,1,TRUE
4,2,55.6,75.8,155.5,FALSE,1,FALSE
6,2,2,0.8,0.8,FALSE,2,FALSE
8,2,2.1,0.7,0.7,FALSE,1,FALSE
6,2,2.1,0.9,0.7,FALSE,1,FALSE
6,4,1.9,0.8,0.7,FALSE,1,TRUE
6,4,2,0.9,0.8,FALSE,1,FALSE
8,2,1.7,0.7,0.8,FALSE,2,FALSE
6,8,2.2,0.8,0.7,FALSE,2,FALSE
6,2,2.1,0.8,0.8,FALSE,2,TRUE
6,4,1.9,0.7,0.8,FALSE,1,FALSE
8,8,1.9,0.8,0.9,FALSE,2,FALSE
6,4,2.1,0.6,0.8,FALSE,1,TRUE
8,4,2.1,0.7,0.7,FALSE,1,FALSE
6,2,2.1,0.8,0.8,FALSE,2,FALSE
6,2,1.8,0.7,0.7,FALSE,1,TRUE
6,4,2,0.8,0.7,FALSE,1,FALSE
12,1,205.9,95.1,31.5,TRUE,2,FALSE
8,2,2.2,0.8,0.7,FALSE,1,FALSE
8,4,1.8,0.6,0.9,FALSE,2,TRUE
6,2,2.1,0.7,0.8,FALSE,2,FALSE
6,2,1.9,0.6,0.6,FALSE,1,FALSE
6,2,1.9,0.7,0.7,FALSE,2,TRUE
10,1,226.7,98.9,29.7,TRUE,1,FALSE
8,4,1.8,0.7,1,FALSE,2,TRUE
10,1,171.9,102.1,27.3,FALSE,1,FALSE
4,2,66.9,73,160.3,FALSE,2,FALSE
8,2,2.3,0.8,0.7,FALSE,2,TRUE
6,8,1.8,0.5,0.7,FALSE,1,FALSE
8,8,2.2,0.8,0.7,FALSE,1,FALSE
8,4,2.2,0.8,0.8,FALSE,1,FALSE
6,8,2.1,0.8,0.6,FALSE,1,FALSE
6,2,2,0.8,0.8,FALSE,2,FALSE
6,4,2.2,0.8,0.8,FALSE,1,TRUE
6,2,2.4,0.7,0.8,FALSE,2,TRUE
6,4,1.8,0.7,0.7,FALSE,1,FALSE
6,2,2.3,0.7,0.6,FALSE,2,TRUE
8,2,1.9,0.8,0.8,FALSE,1,FALSE
12,1,214.2,98.3,29.6,TRUE,2,FALSE
8,2,1.7,0.6,0.9,FALSE,1,FALSE
6,8,2.1,0.8,0.9,FALSE,2,FALSE
8,6,1.4,0.7,0.8,FALSE,1,FALSE
8,8,1.7,0.8,0.9,FALSE,2,TRUE
6,2,2.3,0.7,0.9,FALSE,2,FALSE
6,10,2,0.8,0.7,FALSE,1,TRUE
8,4,2.2,0.8,0.7,FALSE,1,FALSE
4,2,44.4,74.2,186.8,FALSE,1,FALSE
8,2,2,0.9,0.8,FALSE,1,FALSE
6,8,2.2,0.8,0.8,FALSE,1,FALSE
8,2,2.3,0.7,0.7,FALSE,2,FALSE
4,2,65.4,64.4,170.6,FALSE,2,FALSE
4,2,53.6,78.3,148.7,FALSE,1,FALSE
6,4,1.9,0.7,0.7,FALSE,2,FALSE
6,2,2,0.8,0.8,FALSE,1,TRUE
6,2,1.9,0.8,0.7,FALSE,2,FALSE
6,6,2.4,0.7,0.8,FALSE,1,TRUE
8,2,2,0.7,0.7,FALSE,1,FALSE
8,2,2.1,0.7,0.8,FALSE,2,TRUE
4,2,68.1,72.9,171.5,FALSE,1,FALSE
4,2,54.9,62.6,180.5,FALSE,1,FALSE
6,2,1.6,0.8,0.8,FALSE,1,TRUE
8,8,1.8,0.7,0.8,FALSE,1,TRUE
12,1,208.1,117.2,27.3,TRUE,2,FALSE
6,4,2.1,0.7,0.7,FALSE,2,FALSE
6,2,2,0.7,0.9,FALSE,2,FALSE
12,1,203.6,95.7,27.8,FALSE,1,FALSE
10,1,193.4,102.2,27.4,TRUE,2,FALSE
8,2,2.1,0.7,0.7,FALSE,2,FALSE
8,2,1.9,0.8,0.7,FALSE,1,TRUE
6,2,2.2,0.8,0.7,FALSE,1,FALSE
6,8,1.8,0.8,0.7,FALSE,2,TRUE
8,4,1.9,0.8,0.8,FALSE,1,TRUE
6,4,1.7,0.8,0.7,FALSE,1,FALSE
6,2,2.3,0.8,0.9,FALSE,1,FALSE
8,10,1.7,0.8,0.7,FALSE,2,FALSE
6,2,1.8,0.8,0.8,FALSE,2,TRUE
6,4,2,0.7,0.7,FALSE,2,TRUE
10,1,188.8,94.1,38.8,TRUE,1,FALSE
10,1,219.7,101.4,33.4,FALSE,2,FALSE
4,2,51,60.7,162.5,FALSE,1,FALSE
8,2,2,0.8,0.7,FALSE,1,FALSE
6,2,2,0.9,0.7,FALSE,1,TRUE
8,1,198,102.3,29.9,TRUE,1,FALSE
6,2,1.7,0.8,0.8,FALSE,2,TRUE
8,2,2,0.8,0.7,FALSE,2,FALSE
8,4,2.2,0.7,0.7,FALSE,2,TRUE
12,1,192,110.4,35.3,TRUE,2,FALSE
6,2,2.2,0.7,0.8,FALSE,1,FALSE
6,2,1.8,0.8,0.7,FALSE,1,TRUE
6,2,2.2,0.8,0.8,FALSE,2,FALSE
8,2,2,0.8,0.8,FALSE,1,TRUE
6,8,2.1,0.9,0.7,FALSE,2,FALSE
8,2,2,0.7,0.8,FALSE,2,FALSE
4,2,74.8,57.2,206.2,FALSE,2,FALSE
8,1,213.4,100.4,28.3,FALSE,2,FALSE
10,1,191,93.2,35.1,TRUE,2,FALSE
6,2,2,0.6,0.8,FALSE,2,TRUE
8,2,1.8,0.8,0.7,FALSE,1,FALSE
10,1,209.1,87.4,27.5,FALSE,2,FALSE
6,4,2.5,0.7,0.8,FALSE,1,TRUE
6,2,1.8,0.7,0.6,FALSE,2,TRUE
6,8,2.3,0.7,0.7,FALSE,1,FALSE
10,1,212.4,94.8,35.3,TRUE,1,FALSE
8,2,2.2,0.7,0.8,FALSE,2,FALSE
6,2,1.9,0.7,0.7,FALSE,1,FALSE
10,1,240.9,105.6,34.3,FALSE,1,FALSE
4,2,66.5,80.5,161.7,FALSE,2,FALSE
4,2,77.3,69.1,192.3,FALSE,1,FALSE
6,4,2.1,0.7,0.9,FALSE,1,TRUE
10,1,174.2,99.5,31.3,FALSE,1,FALSE
4,2,55.6,88.1,176.7,FALSE,2,FALSE
4,2,70,66,178.3,FALSE,1,FALSE
8,10,1.6,0.8,0.9,FALSE,1,TRUE
6,2,2.1,0.8,0.8,FALSE,1,FALSE
6,4,2.3,0.8,0.7,FALSE,1,TRUE
4,2,63.2,72.2,169.2,FALSE,1,FALSE
6,4,1.6,0.9,0.8,FALSE,2,FALSE
4,2,69.4,67.1,191.9,FALSE,2,FALSE
6,4,1.8,0.9,0.6,FALSE,1,FALSE
8,2,2,0.8,0.8,FALSE,1,FALSE
8,2,2.2,0.8,0.6,FALSE,1,FALSE
4,2,49.2,66.7,181.7,FALSE,2,FALSE
8,10,2.2,0.8,0.7,FALSE,2,TRUE
4,2,50.2,69.8,194,FALSE,1,FALSE
6,2,2,0.8,0.7,FALSE,2,TRUE
6,2,2,0.6,0.8,FALSE,1,TRUE
6,2,2,0.8,0.7,FALSE,2,TRUE
8,1,205.5,84,29.2,FALSE,1,FALSE
4,2,60.7,70.8,178.5,FALSE,1,FALSE
8,1,201.3,94.8,33,TRUE,2,FALSE
6,2,1.7,0.7,0.6,FALSE,1,FALSE
4,2,59.7,75.7,179.5,FALSE,2,FALSE
8,1,185.4,122.5,31.4,TRUE,1,FALSE
6,2,2.1,0.8,0.7,FALSE,1,FALSE
6,4,1.6,0.7,0.7,FALSE,1,FALSE
6,8,2.3,0.7,0.8,FALSE,2,FALSE
6,2,2.1,0.8,0.8,FALSE,2,TRUE
8,2,1.6,0.8,0.7,FALSE,1,FALSE
8,4,2.1,0.7,0.7,FALSE,2,TRUE
6,2,2,0.7,0.7,FALSE,1,FALSE
10,1,183,116.6,33,FALSE,1,FALSE
12,1,195.2,94.9,33.5,FALSE,1,FALSE
10,1,199,113.5,26.4,TRUE,2,FALSE
6,4,1.9,0.8,0.8,FALSE,1,FALSE
6,2,2,0.6,0.8,FALSE,1,FALSE
8,4,1.9,0.7,0.8,FALSE,1,TRUE
4,2,48.8,79.5,181.3,FALSE,2,FALSE
6,10,2.1,0.7,0.8,FALSE,2,TRUE
6,2,2,0.8,0.8,FALSE,2,TRUE
8,6,1.7,0.8,0.8,FALSE,2,TRUE
10,1,230.6,101.1,32.3,FALSE,2,FALSE
6,2,2.3,0.7,0.8,FALSE,2,FALSE
12,1,202.6,100.9,30.9,TRUE,2,FALSE
6,2,2.2,0.8,0.7,FALSE,2,FALSE
8,10,2.1,0.9,0.7,FALSE,1,FALSE
6,2,1.7,0.9,0.8,FALSE,1,FALSE
8,2,2.1,0.7,0.9,FALSE,1,TRUE
8,4,1.9,0.7,0.6,FALSE,2,TRUE
8,2,2.1,0.7,0.8,FALSE,1,TRUE
6,8,2.2,0.8,0.9,FALSE,1,TRUE
10,1,226.4,103.8,30.3,FALSE,1,FALSE
8,1,200.5,95.6,32.6,FALSE,1,FALSE
6,10,1.8,0.8,0.8,FALSE,1,FALSE
6,2,2.4,0.6,0.7,FALSE,2,FALSE
10,1,192.3,79,28.6,TRUE,2,FALSE
8,8,1.9,0.8,0.7,FALSE,1,FALSE
8,2,1.9,0.8,0.7,FALSE,1,FALSE
6,4,2.1,0.8,0.7,FALSE,1,FALSE
12,1,214.3,94.8,27.6,FALSE,2,FALSE
6,2,2,0.8,0.7,FALSE,1,TRUE
6,2,1.9,0.6,0.8,FALSE,1,TRUE
6,2,2.2,0.8,0.7,FALSE,2,FALSE
6,4,1.2,0.8,0.8,FALSE,1,FALSE
8,2,2.2,0.7,0.8,FALSE,2,FALSE
12,1,200.7,109.7,24.2,TRUE,1,FALSE
8,2,1.9,0.8,0.8,FALSE,1,FALSE
8,4,1.9,0.9,0.7,FALSE,2,TRUE
6,8,2.1,0.8,0.6,FALSE,1,TRUE
6,2,2.2,0.8,0.7,FALSE,1,TRUE
8,8,1.8,0.8,0.7,FALSE,1,FALSE
8,4,2,0.8,0.6,FALSE,2,TRUE
8,2,1.5,0.8,0.8,FALSE,1,FALSE
4,2,63.5,65.8,153.1,FALSE,1,FALSE
4,2,65.9,82,204.9,FALSE,2,FALSE
6,2,2,0.7,0.7,FALSE,2,FALSE
6,2,1.8,0.9,0.7,FALSE,2,FALSE
6,2,1.9,0.9,0.8,FALSE,2,FALSE
8,2,1.8,0.7,0.6,FALSE,2,FALSE
6,2,1.9,0.6,0.7,FALSE,2,FALSE
6,2,1.9,0.7,0.8,FALSE,1,FALSE
12,1,188.4,100.2,28.6,TRUE,2,FALSE
8,2,2,0.8,0.8,FALSE,1,FALSE
6,2,2,0.8,0.7,FALSE,1,FALSE
6,2,1.9,0.9,0.8,FALSE,2,FALSE
8,1,172.6,94.6,25.2,FALSE,2,FALSE
4,2,44.4,77.2,215.4,FALSE,2,FALSE
6,4,2,0.7,0.6,FALSE,2,TRUE
6,4,1.7,0.7,0.8,FALSE,2,FALSE
8,2,2,0.6,0.7,FALSE,1,TRUE
8,1,188.1,105.7,32.5,TRUE,2,FALSE
8,2,2.1,0.7,0.8,FALSE,1,TRUE
10,1,218,105.2,26,FALSE,2,FALSE
8,2,1.7,0.7,0.8,FALSE,2,FALSE
6,2,1.9,0.6,0.9,FALSE,1,FALSE
8,4,2.1,0.8,0.8,FALSE,1,TRUE
6,2,2,0.8,0.7,FALSE,2,FALSE
6,4,2,0.8,0.7,FALSE,1,TRUE
8,2,2.4,0.7,0.7,FALSE,1,TRUE
6,2,1.8,0.7,0.8,FALSE,1,FALSE
8,2,2,0.7,0.8,FALSE,1,TRUE
6,10,1.8,0.7,0.8,FALSE,2,FALSE
4,2,71.8,73,196.3,FALSE,1,FALSE
6,2,2,0.7,0.8,FALSE,2,FALSE
4,2,51.5,75.4,161.4,FALSE,2,FALSE
4,2,68.3,78.1,180.3,FALSE,1,FALSE
8,4,1.8,0.8,0.7,FALSE,1,TRUE
8,2,1.8,0.7,0.8,FALSE,2,TRUE
6,2,2.2,0.7,0.8,FALSE,1,TRUE
6,2,1.8,0.8,0.7,FALSE,2,TRUE
6,2,1.8,0.6,0.7,FALSE,1,FALSE
10,1,221.6,97.2,34.7,TRUE,1,FALSE
8,2,2.3,0.8,0.9,FALSE,1,TRUE
6,6,2.2,0.9,0.8,FALSE,2,FALSE
8,2,2.3,0.8,0.7,FALSE,1,FALSE
4,2,69.5,82.5,164.1,FALSE,2,FALSE
6,2,1.8,0.8,0.7,FALSE,1,FALSE
6,2,1.7,0.8,0.6,FALSE,1,TRUE
6,2,1.9,0.8,0.6,FALSE,1,FALSE
8,8,2.1,0.6,0.7,FALSE,1,TRUE
6,2,2.1,0.8,0.8,FALSE,2,TRUE
4,2,78.8,52.7,188.9,FALSE,1,FALSE
6,8,2.2,0.7,0.8,FALSE,1,FALSE
8,1,203,95.8,27.4,FALSE,1,FALSE
6,4,1.9,0.7,0.9,FALSE,1,FALSE
8,2,1.3,0.7,0.7,FALSE,2,TRUE
6,2,2.2,0.5,0.8,FALSE,1,TRUE
6,2,2.1,0.7,0.9,FALSE,1,FALSE
12,1,179.8,100.4,28.2,FALSE,1,FALSE
6,2,2.2,0.7,0.7,FALSE,1,TRUE
6,2,2,0.8,0.8,FALSE,2,TRUE
4,2,54.6,64.3,197.8,FALSE,2,FALSE
6,4,2.2,0.7,0.7,FALSE,2,FALSE
10,1,199.9,94.9,30.4,TRUE,2,FALSE
4,2,81.5,74.2,186.7,FALSE,2,FALSE
6,2,1.7,0.6,0.8,FALSE,2,TRUE
6,8,1.9,0.9,0.8,FALSE,2,FALSE
6,4,2,0.8,0.7,FALSE,1,FALSE
12,1,191,110.3,32.2,TRUE,2,FALSE
6,2,2.2,0.6,0.7,FALSE,1,FALSE
10,1,175.4,90.1,25.5,FALSE,2,FALSE
8,2,2.2,0.7,0.8,FALSE,1,FALSE
6,2,2,0.7,0.8,FALSE,1,TRUE
8,2,1.7,0.8,0.7,FALSE,1,FALSE
8,6,1.8,0.7,0.7,FALSE,1,TRUE
8,2,2,0.7,0.8,FALSE,1,FALSE
6,4,1.8,0.8,0.7,FALSE,2,FALSE
6,2,1.9,0.7,0.8,FALSE,1,FALSE
6,8,2.2,0.9,0.7,FALSE,1,FALSE
8,2,2.5,0.8,0.7,FALSE,1,FALSE
8,2,1.9,0.7,0.8,FALSE,1,FALSE
6,2,2.2,0.7,0.7,FALSE,2,TRUE
4,2,58.6,54.8,186.2,FALSE,1,FALSE
6,4,2.3,0.7,0.8,FALSE,1,TRUE
4,2,49.4,64.8,165.2,FALSE,2,FALSE
6,2,1.9,0.7,0.7,FALSE,2,FALSE
8,1,206,106,30.2,TRUE,2,FALSE
6,10,1.7,0.8,0.7,FALSE,1,FALSE
6,2,1.8,0.7,0.8,FALSE,1,FALSE
12,1,202.9,105.8,29.6,FALSE,1,FALSE
10,1,207.5,91.4,28.9,TRUE,1,FALSE
8,2,2,0.6,0.7,FALSE,2,TRUE
8,2,2.1,0.8,0.7,FALSE,2,FALSE
8,2,1.8,0.7,0.7,FALSE,1,FALSE
8,2,1.6,0.9,0.8,FALSE,1,FALSE
4,2,62.3,83.1,169.2,FALSE,1,FALSE
4,2,64.9,83.7,211.8,FALSE,2,FALSE
6,2,2,0.6,0.8,FALSE,1,FALSE
6,6,2,0.7,0.8,FALSE,2,FALSE
12,1,197.9,97,28.5,TRUE,2,FALSE
6,2,2.1,0.8,0.8,FALSE,1,TRUE
10,1,198.6,113.9,33.7,TRUE,1,FALSE
6,4,1.9,0.6,0.7,FALSE,1,FALSE
10,1,206.4,93.8,26.3,FALSE,2,FALSE
6,4,1.7,0.7,0.7,FALSE,1,TRUE
6,2,2.3,0.8,0.8,FALSE,1,FALSE
6,4,2,0.7,0.7,FALSE,1,FALSE
8,1,183,91,32.3,FALSE,2,FALSE
12,1,228.8,92.7,33.7,FALSE,1,FALSE
10,1,184,97.6,30.4,TRUE,2,FALSE
8,10,1.9,0.6,0.7,FALSE,1,FALSE
6,4,1.7,0.7,0.7,FALSE,1,FALSE
10,1,233.8,104.6,28.9,TRUE,2,FALSE
6,2,2.1,0.7,0.8,FALSE,1,FALSE
6,2,1.8,0.9,0.7,FALSE,2,TRUE
12,1,197.5,107,29.2,TRUE,1,FALSE
8,2,2,0.7,0.8,FALSE,1,FALSE
6,2,1.9,0.7,0.7,FALSE,1,FALSE
6,4,2.1,0.7,0.7,FALSE,1,FALSE
4,2,61,59.5,177.7,FALSE,1,FALSE
6,2,2.6,0.7,0.7,FALSE,2,FALSE
8,10,2.1,0.8,0.7,FALSE,1,FALSE
8,2,2,0.7,0.8,FALSE,2,FALSE
6,2,1.6,0.7,0.7,FALSE,2,TRUE
6,2,2.2,0.9,0.7,FALSE,2,FALSE
6,4,1.9,0.8,1,FALSE,2,FALSE
6,2,2.2,0.8,0.8,FALSE,1,FALSE
6,2,1.9,0.8,0.8,FALSE,2,FALSE
8,8,1.8,0.7,0.6,FALSE,2,FALSE
8,2,2.1,0.7,0.7,FALSE,1,FALSE
6,8,1.9,0.7,0.7,FALSE,1,FALSE
6,2,1.6,0.7,0.6,FALSE,2,TRUE
6,2,2.1,0.7,0.8,FALSE,1,FALSE
4,2,73.4,71.4,204.9,FALSE,2,FALSE
8,1,241.8,90,31,FALSE,1,FALSE
12,1,205.4,105.6,24.1,TRUE,2,FALSE
6,2,2.4,0.7,0.7,FALSE,2,TRUE
6,2,1.8,0.7,0.8,FALSE,2,TRUE
6,2,1.8,0.8,0.7,FALSE,2,TRUE
8,10,2,0.8,0.7,FALSE,2,TRUE
6,2,2.4,0.7,0.9,FALSE,1,FALSE
6,4,2.2,0.9,0.6,FALSE,2,FALSE
6,10,1.9,0.7,0.8,FALSE,2,FALSE
6,2,2.1,0.8,0.7,FALSE,2,FALSE
8,4,2.1,0.7,0.8,FALSE,1,FALSE
6,2,2,0.7,0.8,FALSE,2,FALSE
8,2,2.1,0.6,0.7,FALSE,1,TRUE
6,2,2.3,0.8,0.7,FALSE,2,TRUE
8,2,2.2,0.9,0.8,FALSE,1,FALSE
6,2,2.2,0.7,0.7,FALSE,2,TRUE
6,6,2,0.8,0.8,FALSE,1,TRUE
4,2,58.6,75.5,151.5,FALSE,2,FALSE
6,2,2.3,0.7,0.8,FALSE,2,FALSE
10,1,182.6,83.6,30.3,FALSE,1,FALSE
6,4,2.1,0.8,0.8,FALSE,1,FALSE
4,2,44.8,62.6,178.7,FALSE,1,FALSE
4,2,58,64.6,164.3,FALSE,2,FALSE
4,2,69.9,73.7,184.3,FALSE,2,FALSE
6,2,2.1,0.9,0.8,FALSE,2,TRUE
8,2,2,0.7,0.7,FALSE,1,TRUE
10,1,218.9,94.1,26.9,TRUE,1,FALSE
6,2,2.2,0.7,0.7,FALSE,2,FALSE
8,2,2,0.8,0.6,FALSE,2,TRUE
6,2,2,0.7,0.8,FALSE,2,FALSE
8,2,2,0.7,0.7,FALSE,1,FALSE
10,1,188.7,103.4,31.1,FALSE,1,FALSE
6,2,2.6,0.7,0.8,FALSE,1,TRUE
12,1,198.4,103.6,30.3,TRUE,2,FALSE
8,2,1.8,0.6,0.7,FALSE,2,FALSE
6,2,1.8,0.7,0.8,FALSE,1,TRUE
6,2,1.7,0.8,0.8,FALSE,2,TRUE
6,2,2.1,0.6,0.7,FALSE,1,FALSE
8,2,1.8,0.7,0.7,FALSE,1,TRUE
10,1,192.8,107.2,27.4,TRUE,2,FALSE
8,8,2.2,0.8,0.8,FALSE,2,FALSE
6,2,1.9,0.7,0.7,FALSE,1,FALSE
10,1,210.2,103.8,29.2,TRUE,2,FALSE
8,1,258.5,94,33.9,TRUE,2,FALSE
6,2,2,0.7,0.8,FALSE,1,FALSE
12,1,209.8,105.9,26.6,FALSE,1,FALSE
10,1,193.3,90.2,30.8,FALSE,1,FALSE
6,4,2.1,0.8,0.9,FALSE,2,FALSE
4,2,56.7,65.5,169.3,FALSE,2,FALSE
12,1,213.1,91.8,28.3,TRUE,1,FALSE
4,2,47.5,69.2,186.6,FALSE,1,FALSE
6,8,1.9,0.7,0.7,FALSE,2,TRUE
6,6,2,0.8,0.7,FALSE,2,FALSE
6,4,2.2,0.6,0.8,FALSE,1,TRUE
6,2,2.1,0.8,0.8,FALSE,2,FALSE
6,6,2.1,0.9,0.8,FALSE,1,TRUE
6,2,1.9,0.8,0.7,FALSE,2,FALSE
6,6,1.8,0.8,0.8,FALSE,1,TRUE
6,8,2,0.7,0.7,FALSE,2,TRUE
8,1,179.7,88.4,37.1,TRUE,1,FALSE
12,1,225.1,111.3,30.1,TRUE,2,FALSE
4,2,63.4,69.7,186.1,FALSE,2,FALSE
12,1,187.2,101.7,16.4,TRUE,2,FALSE
6,2,2.2,0.9,0.8,FALSE,1,TRUE
6,2,2.1,0.7,0.9,FALSE,1,TRUE
6,2,2.2,0.8,0.7,FALSE,1,TRUE
8,10,2.1,0.9,0.9,FALSE,2,FALSE
4,2,41.9,80.4,166.2,FALSE,2,FALSE
8,1,215.5,88,30.2,FALSE,1,FALSE
4,2,73.6,62.8,165.4,FALSE,2,FALSE
6,6,1.9,0.7,0.8,FALSE,1,FALSE
6,2,1.8,0.9,0.8,FALSE,2,FALSE
4,2,75,71.8,179.2,FALSE,1,FALSE
8,2,2.1,0.7,0.9,FALSE,2,TRUE
6,8,2,0.7,0.7,FALSE,2,TRUE
10,1,251.5,106.3,30.7,TRUE,2,FALSE
12,1,181.3,88.6,30,FALSE,2,FALSE
8,2,2.1,0.8,0.9,FALSE,2,FALSE
4,2,44.9,65.8,182.1,FALSE,1,FALSE
12,1,205.1,91.7,27.1,TRUE,1,FALSE
6,2,2,0.6,0.7,FALSE,1,FALSE
6,2,1.8,0.7,0.6,FALSE,2,TRUE
6,2,2.1,0.9,0.8,FALSE,1,FALSE
8,6,1.9,0.8,0.6,FALSE,1,FALSE
8,2,2.3,0.6,0.6,FALSE,1,FALSE
6,2,2.1,0.8,0.7,FALSE,2,TRUE
8,2,2,0.8,0.8,FALSE,2,FALSE
8,2,2.1,0.7,0.8,FALSE,2,FALSE
6,2,2,0.6,0.7,FALSE,1,FALSE
4,2,50,57.8,185.9,FALSE,2,FALSE
6,8,2.2,0.7,0.8,FALSE,1,TRUE
6,2,2.2,0.8,0.8,FALSE,1,TRUE
12,1,175.4,83.5,29.5,FALSE,2,FALSE
8,10,1.9,0.7,0.8,FALSE,2,TRUE
6,2,2.2,0.6,0.8,FALSE,1,TRUE
4,2,65.8,69.6,186.3,FALSE,2,FALSE
4,2,65.6,61.7,169.4,FALSE,1,FALSE
12,1,175.6,108.5,32.4,TRUE,1,FALSE
12,1,198.3,97,32.4,TRUE,2,FALSE
4,2,46.7,82.6,179.4,FALSE,1,FALSE
6,2,1.9,0.8,0.7,FALSE,1,FALSE
4,2,55.1,58,202.6,FALSE,2,FALSE
4,2,75.1,71.7,172.7,FALSE,2,FALSE
10,1,213.5,95.2,29.7,FALSE,1,FALSE
4,2,53.7,92.1,189.5,FALSE,2,FALSE
10,1,213.4,88.3,27.6,FALSE,2,FALSE
6,4,1.7,0.8,0.7,FALSE,2,TRUE
6,2,1.7,0.9,0.8,FALSE,1,TRUE
6,10,1.9,0.8,0.8,FALSE,2,TRUE
12,1,200.2,101.4,34.9,FALSE,1,FALSE
12,1,165.4,118.1,35.5,TRUE,1,FALSE
6,2,2,0.8,0.6,FALSE,2,TRUE
8,1,177.1,80.2,30.3,FALSE,2,FALSE
6,2,2,0.8,0.7,FALSE,1,TRUE
6,10,1.9,0.8,0.6,FALSE,2,FALSE
8,2,2,0.8,0.9,FALSE,2,FALSE
8,4,2.1,0.7,0.6,FALSE,2,TRUE
6,2,1.9,0.7,0.8,FALSE,1,TRUE
8,10,2.1,0.8,0.6,FALSE,2,FALSE
6,8,2.3,0.7,0.8,FALSE,1,TRUE
4,2,64.6,64.9,180.4,FALSE,2,FALSE
8,1,197.5,89.9,31.2,TRUE,1,FALSE
8,4,2.2,0.7,0.7,FALSE,1,FALSE
4,2,59.4,70.8,173.7,FALSE,1,FALSE
6,8,2,0.8,0.7,FALSE,1,FALSE
6,2,2.2,0.8,0.7,FALSE,1,TRUE
4,2,65.7,67.9,169.4,FALSE,1,FALSE
4,2,73.3,74.2,131.9,FALSE,2,FALSE
8,1,212.3,95,34.7,FALSE,2,FALSE
10,1,194,90.8,37,TRUE,2,FALSE
10,1,211.3,94,25.7,TRUE,1,FALSE
8,4,1.9,0.7,0.6,FALSE,2,TRUE
6,4,2.1,0.8,0.6,FALSE,1,FALSE
8,4,2.2,0.8,0.8,FALSE,1,FALSE
8,2,1.9,0.8,0.8,FALSE,1,FALSE
8,8,2,0.6,0.9,FALSE,1,FALSE
8,1,205,88.6,35.6,FALSE,2,FALSE
8,1,199.2,112.3,34.5,TRUE,1,FALSE
8,1,183.8,90.2,34,TRUE,2,FALSE
8,1,187.4,109,32,FALSE,1,FALSE
8,2,2.1,0.8,0.8,FALSE,1,FALSE
6,4,2,0.7,0.8,FALSE,2,TRUE
6,2,2.2,0.8,0.8,FALSE,1,FALSE
12,1,178.2,88.3,25.9,TRUE,1,FALSE
8,2,2.2,0.8,0.7,FALSE,2,FALSE
6,10,2.2,0.8,0.8,FALSE,2,TRUE
12,1,228.9,95.7,29.6,FALSE,2,FALSE
6,2,2.4,0.7,0.8,FALSE,1,TRUE
4,2,48.5,71.3,192.7,FALSE,2,FALSE
6,2,2,0.8,0.7,FALSE,1,FALSE
8,10,1.9,0.8,0.8,FALSE,2,TRUE
8,1,224.9,112,32.2,TRUE,1,FALSE
6,2,1.8,0.7,0.7,FALSE,1,FALSE
10,1,232.3,121.2,21.6,TRUE,1,FALSE
8,6,2.2,0.7,0.8,FALSE,1,TRUE
8,1,227.5,87.5,31.2,TRUE,1,FALSE
8,2,1.8,0.9,0.7,FALSE,2,FALSE
6,2,2.1,0.7,0.8,FALSE,2,TRUE
8,2,2,0.7,0.8,FALSE,2,TRUE
8,2,1.8,0.8,0.7,FALSE,2,TRUE
6,2,2.1,0.7,0.9,FALSE,1,FALSE
10,1,203.2,95.4,31.2,TRUE,1,FALSE
10,1,211.7,109.7,32.1,TRUE,1,FALSE
6,2,1.9,0.7,0.7,FALSE,1,TRUE
6,4,2.2,0.8,0.9,FALSE,1,FALSE
4,2,47.2,75.5,160.3,FALSE,1,FALSE
6,2,1.9,0.6,0.7,FALSE,2,FALSE
6,8,1.8,0.7,0.6,FALSE,2,FALSE
6,4,1.6,0.7,0.7,FALSE,1,FALSE
6,2,2,0.7,0.8,FALSE,2,TRUE
4,2,68.9,75.7,148.8,FALSE,1,FALSE
6,2,2,0.6,0.7,FALSE,2,FALSE
6,4,2.3,0.8,0.7,FALSE,1,TRUE
6,4,1.8,0.8,0.7,FALSE,2,FALSE
8,10,2,0.7,0.7,FALSE,2,TRUE
8,4,2.1,0.8,0.8,FALSE,2,FALSE
6,2,1.7,0.9,0.7,FALSE,1,FALSE
6,4,1.9,0.7,0.7,FALSE,2,FALSE
8,8,1.7,0.7,0.9,FALSE,2,FALSE
8,1,190.6,103.3,31,TRUE,2,FALSE
6,2,1.7,0.8,0.8,FALSE,1,FALSE
12,1,211.8,105.4,28.8,TRUE,1,FALSE
6,4,1.9,0.8,0.7,FALSE,1,TRUE
8,2,2.1,0.8,0.8,FALSE,2,TRUE
4,2,67.3,56.2,140.8,FALSE,2,FALSE
4,2,71.8,83,206.2,FALSE,1,FALSE
4,2,38.7,71.8,149.2,FALSE,2,FALSE
8,8,2.2,0.8,0.7,FALSE,1,FALSE
8,1,182.8,98.9,26.4,TRUE,1,FALSE
6,2,1.6,0.8,0.8,FALSE,1,TRUE
8,1,162.5,108.3,33.4,FALSE,2,FALSE
8,4,1.8,0.6,0.6,FALSE,1,TRUE
6,4,1.9,0.7,0.7,FALSE,1,FALSE
4,2,48.5,60.3,205.6,FALSE,1,FALSE
8,2,1.9,0.6,0.9,FALSE,1,TRUE
6,2,2,0.8,0.7,FALSE,2,FALSE
6,2,1.8,0.7,0.8,FALSE,2,TRUE
4,2,77.8,72.9,140,FALSE,2,FALSE
6,4,1.9,0.6,0.8,FALSE,1,TRUE
6,2,1.7,0.7,0.8,FALSE,2,FALSE
4,2,55.3,53.8,168.8,FALSE,2,FALSE
6,2,2.1,0.7,0.9,FALSE,1,FALSE
8,2,1.8,0.6,0.7,FALSE,2,TRUE
6,2,1.9,0.8,0.7,FALSE,1,FALSE
6,2,2.4,0.8,0.7,FALSE,1,FALSE
6,2,2,0.5,0.6,FALSE,2,TRUE
6,2,2.2,0.7,0.7,FALSE,1,FALSE
8,10,2.1,0.7,0.8,FALSE,2,TRUE
8,2,1.9,0.8,0.7,FALSE,1,FALSE
6,4,1.9,0.8,0.7,FALSE,2,TRUE
6,4,2.1,0.7,0.7,FALSE,1,FALSE
10,1,196.7,113.9,28.3,FALSE,2,FALSE
6,2,2.2,0.8,0.7,FALSE,2,TRUE
6,2,1.9,0.7,0.8,FALSE,2,FALSE
8,2,1.9,0.8,0.7,FALSE,2,FALSE
6,10,1.6,0.7,0.8,FALSE,2,TRUE
4,2,46.6,86.9,168.3,FALSE,2,FALSE
8,1,209.2,101.6,29.8,FALSE,2,FALSE
8,1,179.9,84.9,30,FALSE,2,FALSE
6,2,2.2,0.8,0.7,FALSE,1,FALSE
8,2,1.9,0.8,0.6,FALSE,1,FALSE
8,4,1.9,0.8,0.7,FALSE,1,TRUE
6,2,2.1,0.7,0.7,FALSE,1,TRUE
6,4,2.1,0.6,0.7,FALSE,2,TRUE
6,4,2.1,0.8,0.7,FALSE,2,TRUE
8,1,167.3,105.1,28.6,TRUE,2,FALSE
6,2,1.4,0.7,0.8,FALSE,2,TRUE
6,4,2.2,0.8,0.8,FALSE,2,FALSE
10,1,210.7,95.8,29.7,FALSE,2,FALSE
8,1,214.5,105.2,35.3,TRUE,1,FALSE
6,2,2,0.9,0.7,FALSE,2,FALSE
6,8,1.9,0.7,0.8,FALSE,2,FALSE
6,2,1.6,0.6,0.6,FALSE,1,TRUE
8,4,1.8,0.8,0.8,FALSE,1,FALSE
6,2,2,0.7,0.8,FALSE,1,TRUE
10,1,206.9,94.5,35.2,TRUE,1,FALSE
6,8,2.2,0.8,0.8,FALSE,1,TRUE
6,8,2.2,0.8,0.8,FALSE,2,FALSE
6,8,2,0.8,0.7,FALSE,1,FALSE
6,4,2,0.8,0.8,FALSE,2,FALSE
6,8,1.9,0.7,0.7,FALSE,1,TRUE
6,6,2,0.6,0.8,FALSE,1,FALSE
8,1,189.8,116.5,30.7,FALSE,1,FALSE
10,1,184.4,88.1,28.1,FALSE,2,FALSE
10,1,202.6,106,28.2,FALSE,2,FALSE
10,1,185.4,92.8,30.1,TRUE,2,FALSE
10,1,231.6,106.3,34.3,FALSE,2,FALSE
6,2,1.7,0.8,0.8,FALSE,2,FALSE
12,1,232.2,108.5,30,TRUE,2,FALSE
8,2,2.1,0.8,0.6,FALSE,2,TRUE
10,1,192.7,118.3,29,FALSE,1,FALSE
4,2,62.8,80.7,162.3,FALSE,2,FALSE
12,1,210.6,99.3,35,TRUE,1,FALSE
4,2,71.6,80.3,191.4,FALSE,2,FALSE
8,1,195.6,93.3,33,FALSE,1,FALSE
8,1,161.8,98.8,25.2,FALSE,1,FALSE
8,8,2.1,0.8,0.6,FALSE,2,FALSE
12,1,200.9,98.2,29.7,TRUE,1,FALSE
8,10,2.1,0.7,0.9,FALSE,1,FALSE
12,1,190.4,97,29.3,TRUE,1,FALSE
6,2,2,0.8,0.7,FALSE,1,TRUE
6,2,2,0.8,0.8,FALSE,1,FALSE
6,2,2.1,0.8,0.7,FALSE,1,FALSE
6,2,1.8,0.8,0.8,FALSE,1,FALSE
12,1,178.1,102,32.9,TRUE,2,FALSE
8,2,1.9,0.8,0.9,FALSE,1,TRUE
6,2,2.2,0.7,0.6,FALSE,1,TRUE
6,2,1.9,0.9,0.8,FALSE,2,FALSE
8,2,2.1,0.8,0.8,FALSE,1,TRUE
10,1,214.7,96,33.6,TRUE,1,FALSE
6,4,2.2,0.8,0.8,FALSE,2,FALSE
6,2,1.9,0.7,0.7,FALSE,2,FALSE
8,2,2,0.8,0.9,FALSE,2,FALSE
8,1,184.8,87.3,29.8,FALSE,2,FALSE
10,1,219,96.3,30.5,FALSE,2,FALSE
6,2,1.9,0.8,0.8,FALSE,2,FALSE
6,2,1.9,0.9,0.8,FALSE,1,FALSE
6,2,1.9,0.7,0.7,FALSE,2,FALSE
6,4,1.9,0.9,0.6,FALSE,1,FALSE
4,2,60.1,68.6,184.1,FALSE,1,FALSE
4,2,52.9,43.8,170.1,FALSE,2,FALSE
12,1,212.9,106.8,28.8,TRUE,2,FALSE
8,4,2,0.8,0.9,FALSE,1,FALSE
8,2,2,0.8,0.6,FALSE,1,FALSE
10,1,215.6,100.8,27.4,FALSE,2,FALSE
10,1,211.9,122.3,28.9,FALSE,2,FALSE
8,4,2.1,0.8,0.8,FALSE,2,FALSE
6,2,2.2,0.6,0.8,FALSE,2,TRUE
6,2,2.2,0.8,0.7,FALSE,1,TRUE
4,2,42.1,65.6,148.2,FALSE,2,FALSE
6,2,1.8,0.7,0.7,FALSE,2,TRUE
6,2,1.9,0.6,0.6,FALSE,1,FALSE
6,2,2.1,0.8,0.9,FALSE,2,TRUE
8,1,172.6,121.6,33,FALSE,2,FALSE
6,2,2.2,0.7,0.8,FALSE,1,FALSE
6,2,2,0.7,0.9,FALSE,2,FALSE
6,4,2.1,0.8,0.8,FALSE,2,FALSE
6,2,2,0.9,0.7,FALSE,1,FALSE
8,2,1.8,0.8,0.7,FALSE,1,FALSE
6,4,2.3,0.8,0.7,FALSE,1,FALSE
4,2,66.8,48.7,143.7,FALSE,1,FALSE
6,2,2,0.7,0.8,FALSE,2,FALSE
8,2,2,0.7,0.8,FALSE,2,TRUE
6,4,1.9,0.8,0.7,FALSE,1,FALSE
8,1,222.1,102.7,23.7,FALSE,1,FALSE
4,2,56.3,57.9,167.7,FALSE,2,FALSE
6,2,2,0.9,0.8,FALSE,2,FALSE
12,1,200.3,98.7,28.7,TRUE,1,FALSE
6,2,1.9,0.7,0.7,FALSE,2,FALSE
6,2,2.1,0.7,0.8,FALSE,2,TRUE
6,2,2.3,0.8,0.7,FALSE,1,FALSE
6,2,2.2,0.7,0.6,FALSE,2,TRUE
6,10,2.1,0.8,0.8,FALSE,1,FALSE
8,2,1.9,0.7,0.7,FALSE,1,FALSE
6,2,2.1,0.7,0.7,FALSE,1,FALSE
8,4,1.8,0.7,0.7,FALSE,2,FALSE
8,1,203.7,97.4,30.8,TRUE,1,FALSE
6,10,2.1,0.8,0.7,FALSE,1,FALSE
6,4,1.9,0.7,0.7,FALSE,2,TRUE
12,1,166.5,95.1,30.6,FALSE,2,FALSE
8,4,2,0.9,0.7,FALSE,2,TRUE
6,2,1.9,0.8,0.7,FALSE,1,FALSE
6,4,2.2,0.9,0.6,FALSE,1,FALSE
6,2,1.8,0.8,0.8,FALSE,2,FALSE
6,4,2.1,0.8,0.8,FALSE,1,FALSE
6,4,2,0.9,0.8,FALSE,1,FALSE
8,1,197.6,96.2,32.9,TRUE,2,FALSE
6,2,1.6,0.7,0.7,FALSE,2,TRUE
6,4,1.9,0.7,0.8,FALSE,1,FALSE
6,2,1.8,0.7,0.8,FALSE,2,FALSE
6,2,2,0.7,0.7,FALSE,2,FALSE
6,2,2.2,0.8,0.8,FALSE,2,TRUE
8,2,2.2,0.7,0.7,FALSE,2,TRUE
6,2,2,0.7,0.7,FALSE,1,FALSE
6,2,2.3,0.8,0.9,FALSE,2,TRUE
8,4,1.7,0.6,0.8,FALSE,1,FALSE
8,4,1.7,0.8,0.5,FALSE,2,TRUE
6,2,2,0.8,0.9,FALSE,1,FALSE
6,2,1.8,0.8,0.7,FALSE,1,FALSE
6,2,2,0.8,0.7,FALSE,1,FALSE
6,2,2.3,0.8,0.7,FALSE,1,TRUE
8,1,220.8,112.7,30,FALSE,1,FALSE
6,2,2,0.7,0.7,FALSE,1,TRUE
6,2,1.7,0.8,0.6,FALSE,1,TRUE
4,2,58.2,75.7,178.3,FALSE,2,FALSE
6,8,2.1,0.8,0.8,FALSE,1,FALSE
8,1,198.6,112.1,29.7,TRUE,2,FALSE
8,1,235.2,103.8,28.2,FALSE,2,FALSE
8,2,1.8,0.8,0.9,FALSE,1,TRUE
6,2,2.1,0.9,0.7,FALSE,1,FALSE
6,2,1.8,0.8,0.8,FALSE,2,FALSE
8,6,1.9,0.7,0.8,FALSE,2,FALSE
8,2,2.2,0.7,0.7,FALSE,1,TRUE
6,4,2.1,0.7,0.6,FALSE,2,FALSE
12,1,213,111.9,32.4,FALSE,2,FALSE
6,2,1.9,0.7,0.7,FALSE,1,TRUE
6,10,2.2,0.9,0.7,FALSE,1,FALSE
8,4,1.8,0.7,0.8,FALSE,1,TRUE
8,1,228.5,93.1,30.8,TRUE,2,FALSE
8,2,2.2,0.7,0.8,FALSE,2,TRUE
10,1,180.4,92.6,27.6,FALSE,2,FALSE
6,4,1.9,0.7,0.7,FALSE,2,FALSE
4,2,56.1,62.8,157.4,FALSE,2,FALSE
6,2,1.8,0.7,0.9,FALSE,2,TRUE
8,1,219.9,108.6,32.6,FALSE,1,FALSE
6,2,2.2,0.7,0.8,FALSE,2,FALSE
6,8,2.1,0.7,0.7,FALSE,1,FALSE
8,2,2.1,0.8,0.8,FALSE,2,FALSE
6,2,2.1,0.6,0.5,FALSE,2,FALSE
6,2,2.2,0.7,0.7,FALSE,2,FALSE
4,2,43.5,75.9,177.8,FALSE,2,FALSE
4,2,52.8,79.9,190.3,FALSE,1,FALSE
10,1,174.8,109.2,28.8,FALSE,1,FALSE
4,2,57.7,85.2,170.7,FALSE,2,FALSE
6,4,1.9,0.7,0.7,FALSE,1,FALSE
10,1,170.3,93.2,34.2,TRUE,1,FALSE
6,2,2,0.6,0.8,FALSE,1,FALSE
6,6,2.1,0.8,0.7,FALSE,2,FALSE
12,1,243.7,115.1,33.7,FALSE,2,FALSE
4,2,63.3,63.1,180.1,FALSE,2,FALSE
8,2,2,0.7,0.8,FALSE,2,TRUE
6,2,1.8,0.7,0.7,FALSE,2,FALSE
6,4,2,0.8,0.8,FALSE,1,TRUE
8,1,191.2,107.5,31.1,FALSE,2,FALSE
8,1,206.3,97.3,29.7,FALSE,2,FALSE
6,2,1.8,0.8,0.7,FALSE,2,TRUE
8,2,1.9,0.9,0.8,FALSE,2,FALSE
4,2,62.4,78.3,204.3,FALSE,1,FALSE
8,2,1.9,0.7,0.8,FALSE,2,FALSE
6,2,1.9,0.8,0.9,FALSE,2,FALSE
8,2,2.4,0.8,0.7,FALSE,1,FALSE
4,2,51.2,57,181,FALSE,2,FALSE
6,8,1.8,0.8,0.8,FALSE,1,FALSE
6,2,2.5,0.7,0.8,FALSE,1,FALSE
8,2,2.1,0.7,0.8,FALSE,2,FALSE
4,2,57.8,73.3,158.9,FALSE,2,FALSE
6,2,1.9,0.7,0.8,FALSE,1,FALSE
8,2,2,0.6,0.6,FALSE,1,TRUE
6,2,2.2,0.7,0.7,FALSE,1,TRUE
6,4,2,0.7,0.8,FALSE,2,FALSE
4,2,49.7,54.7,172.1,FALSE,1,FALSE
4,2,53.9,54.9,214.1,FALSE,2,FALSE
6,8,2,0.7,0.7,FALSE,2,TRUE
6,2,2.1,0.6,0.6,FALSE,2,TRUE
10,1,199.7,82.8,30.6,TRUE,2,FALSE
6,2,2.2,0.8,0.7,FALSE,2,FALSE
6,4,2.3,0.8,0.8,FALSE,2,FALSE
6,2,1.7,0.8,0.8,FALSE,1,FALSE
6,2,1.8,0.7,0.9,FALSE,2,FALSE
12,1,224.2,97.2,30.9,TRUE,2,FALSE
8,4,2.3,0.9,0.7,FALSE,2,TRUE
10,1,187.7,97.6,26.6,FALSE,1,FALSE
8,1,142.4,114.6,28.9,FALSE,2,FALSE
6,4,2.1,0.7,0.8,FALSE,1,FALSE
6,2,2.3,0.8,0.7,FALSE,1,FALSE
6,10,2,0.8,0.7,FALSE,2,FALSE
6,2,1.7,0.8,0.7,FALSE,1,FALSE
6,2,2,0.8,0.8,FALSE,2,FALSE
6,2,2.1,0.8,0.9,FALSE,1,FALSE
10,1,190.1,118.7,23.6,FALSE,1,FALSE
12,1,200,83.5,25.1,FALSE,2,FALSE
8,1,175.5,93.8,29.1,TRUE,1,FALSE
8,2,2,0.6,0.8,FALSE,1,TRUE
4,2,58.3,76.4,191.7,FALSE,1,FALSE
12,1,218.1,100.2,29,TRUE,1,FALSE
10,1,181.4,98.6,28.3,TRUE,2,FALSE
6,2,1.8,0.8,0.7,FALSE,1,TRUE
6,2,2.2,0.7,0.6,FALSE,2,FALSE
6,4,2.1,0.7,0.7,FALSE,2,TRUE
6,2,2.2,0.6,0.6,FALSE,2,FALSE
6,2,2,0.6,0.7,FALSE,2,FALSE
8,2,1.9,0.8,0.8,FALSE,1,FALSE
6,2,1.7,0.7,0.8,FALSE,1,FALSE
10,1,219.6,102.2,24,TRUE,2,FALSE
6,2,1.8,0.8,0.7,FALSE,2,TRUE
6,8,2.1,0.8,0.7,FALSE,2,TRUE
6,2,1.8,0.7,0.7,FALSE,1,TRUE
12,1,167.7,96.6,26.7,FALSE,1,FALSE
6,4,2.1,0.8,0.8,FALSE,1,FALSE
6,2,2.1,0.7,0.6,FALSE,2,FALSE
12,1,195.7,92.9,30,TRUE,1,FALSE
6,4,2.1,0.7,0.7,FALSE,1,FALSE
4,2,61.6,80.2,188.9,FALSE,1,FALSE
8,2,1.8,0.9,0.7,FALSE,1,FALSE
6,2,2.3,0.8,0.7,FALSE,1,FALSE
10,1,208.9,97.7,29.2,FALSE,1,FALSE
6,2,2,0.7,0.7,FALSE,2,TRUE
10,1,206.3,107.4,34.6,FALSE,1,FALSE
6,2,2.3,0.6,0.7,FALSE,1,FALSE
6,2,2,0.7,0.8,FALSE,2,FALSE
8,4,2.2,0.8,0.7,FALSE,2,TRUE
6,4,1.9,0.8,0.8,FALSE,1,FALSE
6,8,2.1,0.7,0.7,FALSE,1,TRUE
6,4,1.6,0.8,0.8,FALSE,2,FALSE
8,4,2.2,0.7,0.7,FALSE,2,FALSE
6,2,2.4,0.7,0.8,FALSE,1,FALSE
6,10,1.7,0.7,0.6,FALSE,1,FALSE
6,2,1.5,0.8,0.7,FALSE,2,FALSE
6,2,1.9,0.8,0.7,FALSE,1,FALSE
4,2,74.8,58.9,178.7,FALSE,1,FALSE
6,2,1.9,0.8,0.7,FALSE,2,FALSE
6,6,2.1,0.7,0.6,FALSE,2,FALSE
6,4,1.8,0.7,0.8,FALSE,1,TRUE
4,2,78.7,64.6,183,FALSE,1,FALSE
6,2,2.3,0.7,0.7,FALSE,1,TRUE
10,1,218,108.7,30.5,TRUE,1,FALSE
6,2,2.1,0.6,0.7,FALSE,2,TRUE
6,10,1.9,0.7,0.8,FALSE,2,FALSE
8,2,2.4,1,0.7,FALSE,1,FALSE
6,2,2.1,0.8,0.9,FALSE,2,TRUE
4,2,81.6,73.4,188,FALSE,1,FALSE
6,2,2,0.9,0.6,FALSE,2,FALSE
4,2,62.4,70.9,210.7,FALSE,1,FALSE
6,2,2.1,0.8,0.9,FALSE,2,FALSE
8,8,1.9,0.7,0.7,FALSE,2,FALSE
8,2,2.1,0.8,0.7,FALSE,2,FALSE
6,2,2,0.7,0.7,FALSE,1,FALSE
6,4,2.1,0.7,0.9,FALSE,2,FALSE
6,2,2.2,0.7,0.9,FALSE,2,TRUE
6,2,1.9,0.7,0.7,FALSE,2,FALSE
8,2,2.1,0.7,0.8,FALSE,1,FALSE
6,2,2.1,0.9,0.8,FALSE,1,FALSE
4,2,77.4,58.4,173.5,FALSE,1,FALSE
10,1,154.1,105.8,28.6,TRUE,2,FALSE
6,8,1.9,0.6,0.8,FALSE,1,FALSE
12,1,217.6,107.7,30.4,TRUE,1,FALSE
6,6,2.1,0.7,0.8,FALSE,2,FALSE
6,4,2.2,0.8,0.7,FALSE,2,FALSE
8,2,2.2,0.7,0.8,FALSE,2,TRUE
6,2,2.1,0.7,0.7,FALSE,2,TRUE
4,2,72,73.4,173.6,FALSE,1,FALSE
12,1,211.7,89.7,30.6,TRUE,1,FALSE
4,2,52.2,58.8,175.3,FALSE,1,FALSE
6,2,2.4,0.8,0.7,FALSE,2,FALSE
12,1,212.5,108.2,28.2,TRUE,1,FALSE
4,2,54.1,69.1,149.6,FALSE,1,FALSE
6,2,2.1,0.8,0.6,FALSE,1,FALSE
4,2,61,86.1,178.9,FALSE,1,FALSE
8,2,2,0.6,0.7,FALSE,2,FALSE
6,2,1.9,0.8,0.8,FALSE,1,FALSE
6,4,2.1,0.7,0.9,FALSE,2,FALSE
6,4,2.3,0.7,0.8,FALSE,2,FALSE
10,1,183.6,98.3,28.3,TRUE,1,FALSE
8,2,2.1,0.8,0.8,FALSE,1,FALSE
6,8,2.3,0.8,0.7,FALSE,1,TRUE
6,4,2.1,0.8,0.8,FALSE,2,TRUE
6,2,1.8,0.7,0.7,FALSE,2,TRUE
8,2,2,0.6,0.8,FALSE,1,TRUE
10,1,187.4,105,32.5,TRUE,1,FALSE
4,2,58.2,63.1,199.2,FALSE,1,FALSE
10,1,191,101.7,25.4,FALSE,2,FALSE
6,6,2.3,0.9,0.7,FALSE,2,TRUE
6,2,2.1,0.7,0.8,FALSE,2,FALSE
